newman,newman_leadership,higher_order_newman,spring_rank,spring_rank_leadership,page_rank,page_rank_leadership,point_wise,K,rep
-0.11783175768637294,-0.011258533597305824,-0.11425811381195064,-0.15548648810544802,-0.0924515254413412,-1.428597452004427,-1.072455154347217,-0.8996375910340609,4,90
-0.1300782704965062,-0.023393551832433846,-0.12055534176823758,-0.11083015864808823,-0.06356343088319873,-1.3729966486880198,-1.0640312166834278,-0.9467448358367823,4,28
-0.27701990902776275,-0.10680703197264069,-0.359303443561617,-0.4479600134455797,-0.1412919460782435,-0.9418327924972615,-0.7126357859188777,-0.48790417649371165,12,35
-0.3907209129683189,-0.10301656623740117,-0.4814700502670099,-0.5953138821837257,-0.20200479567388482,-1.0898899107368267,-0.8746031225254336,-0.6475248716389406,16,66
-0.406793908544798,-0.10659697792387951,-0.5097789554708517,-0.6158265089098789,-0.17726627793357577,-1.1597550239111838,-0.9262959524812066,-0.6842290762233825,16,67
-0.18930631802015113,-0.08446097681648712,-0.22136334944795105,-0.2852194226294153,-0.11627849714486925,-0.8671089887072324,-0.5996425361980505,-0.343823522663994,8,17
-0.36628812274579164,-0.1213958792070197,-0.4675197135253339,-0.5568920982132728,-0.1318514104861213,-1.0845866958937673,-0.8563715968559152,-0.6180889319731125,16,57
-0.09626554300670712,-0.018598506573416107,-0.096848482623,-0.1324148019983484,-0.06325688820453024,-1.607797973776553,-1.2901240727645225,-0.9718391987188277,4,18
-0.3574086853928457,-0.12589871343092812,-0.4532232585814352,-0.5456035088271874,-0.12721144316912084,-1.0611736478756975,-0.8366506782620841,-0.605212669300131,16,71
-0.3857316120515052,-0.11376941836661363,-0.46934276913836703,-0.5682453770116042,-0.15172571566059018,-1.08010111542584,-0.8548753105542346,-0.6329647694207179,16,55
-0.10202261584879586,-0.006921552149937531,-0.11917150134157967,-0.16813604678209576,-0.10631923471240785,-1.4980038868717793,-1.1559734548920446,-0.6981856045848146,4,74
-0.15920197894300434,-0.08380236176383875,-0.1948252434186316,-0.2856507695913938,-0.11915107949287779,-0.8344984199733665,-0.5712589379613205,-0.2904561778251931,8,13
-0.20328368798364324,-0.05330605639702006,-0.2546300431035941,-0.35761555348268326,-0.1213236737604097,-1.0568421647854804,-0.7378007980097876,-0.44476429972727466,8,39
-0.11040850489431037,-0.012809703817454077,-0.11132794783923765,-0.13677971272258396,-0.08458603704863817,-1.3535202647026954,-1.0074466125262087,-1.0113583333136846,4,39
-0.2097142569058189,-0.06224448776068537,-0.26109602207396326,-0.3744761640863744,-0.14189323086009545,-1.021800635527852,-0.72227689704831,-0.38576533522033774,8,55
-0.3622189151404605,-0.11051486299032134,-0.4482209873965926,-0.5311311211721511,-0.1463817209090017,-1.0202359120346418,-0.8090569905536601,-0.5908014418223506,16,7
-0.35058706843815834,-0.12229270848360102,-0.43688512702826054,-0.5391357211205936,-0.1392836589197833,-1.0619455528039916,-0.8308807857128929,-0.6030999439309331,16,96
-0.38781712988310246,-0.12890559885361172,-0.4767085833548587,-0.551315760533737,-0.17983290045133313,-1.0535980279141834,-0.843172089783681,-0.6244964715599073,16,17
-0.10414803288828937,-0.016710334235120614,-0.10349445988151885,-0.134334966184871,-0.07585739591701778,-1.421784980779939,-1.1111925586565816,-0.9709029986944102,4,20
-0.3803635874470209,-0.12894159092088944,-0.4651922350345857,-0.5491675588275542,-0.13000677629210203,-1.018741963554242,-0.819958849029081,-0.6039812741687145,16,76
-0.3828893378472575,-0.10713561136091912,-0.47666411341171466,-0.5796771827229764,-0.17195302614186284,-1.0888732188197392,-0.8697774418627481,-0.6317974540144795,16,84
-0.16551935585202654,-0.06896450855897593,-0.20909305755222443,-0.30011288494079563,-0.15865159982009028,-0.9548845508035181,-0.6461857427772502,-0.4208973983148343,8,77
-0.15111398069899987,-0.06704252884361309,-0.20528339654766678,-0.34061536030764944,-0.16648609126828148,-1.0567381990773783,-0.7313888846895299,-0.3853416754146409,8,59
-0.2666341994745981,-0.10205771676778551,-0.34197128858570613,-0.4668247680510559,-0.15115210381437844,-0.9408991644208918,-0.7146436943768713,-0.49302562562817825,12,88
-0.1798823481706186,-0.045729701539673526,-0.23417376661600167,-0.36252817666883047,-0.1555012038201171,-0.981707914308428,-0.6832868710472689,-0.39437365235441074,8,100
-0.2720723353632285,-0.11069711737654746,-0.35821037373616016,-0.49743367591437776,-0.17802659497817416,-1.0284743597979413,-0.7710686298892602,-0.5286919552411184,12,57
-0.17797418535922424,-0.055586522180058065,-0.22631622242895344,-0.3200165587379087,-0.16820909400615744,-0.9514879227652142,-0.654649847859102,-0.3434115753526688,8,72
-0.2971632756195935,-0.09203087271949782,-0.38463807441394177,-0.46766627969964925,-0.15671407679987615,-0.9808933430213981,-0.7369391041778744,-0.5088012516618287,12,56
-0.08729077360111316,-0.007279947946178482,-0.08916095426314742,-0.14345574640635608,-0.09192818767249568,-1.4298717693161236,-1.0654130508647526,-0.7595768987828917,4,87
-0.17969812608102143,-0.067354832990962,-0.20463445857096435,-0.2959721292840896,-0.10015335774871235,-0.8669980035438507,-0.5762816529331943,-0.3045137209537852,8,18
-0.2838200014255451,-0.062079350812449814,-0.36158385664107695,-0.49095447064968095,-0.151316192921452,-1.040957860757157,-0.7814594423966775,-0.5387517774715577,12,7
-0.11046997529461,-0.012789116276405079,-0.1091111282840711,-0.143994138743958,-0.07155405621277967,-1.400629379300642,-1.061697519021016,-0.8707946581689228,4,43
-0.41541551692797557,-0.08596935220654081,-0.5138850871663015,-0.6110365337208031,-0.1866625473315529,-1.175062811025672,-0.9334550192954063,-0.6883742982392929,16,70
-0.10666758881809284,-0.013432073289895244,-0.10568207441623258,-0.157380803308239,-0.08922187592151333,-1.5274511387907916,-1.1863039801597202,-0.9648740187299027,4,68
-0.1640263297436427,-0.0909670944094511,-0.21037906052528044,-0.2834327985265336,-0.10175508415758243,-0.9153109464997479,-0.6320696041078365,-0.4188587303000136,8,56
-0.39322982871466283,-0.09197571104523188,-0.4900548622257763,-0.609202026951346,-0.1816476311614369,-1.1492850112766042,-0.9158428369191425,-0.6742034553621097,16,95
-0.19878796890581707,-0.14261161033100953,-0.2689729298189469,-0.36849667968927147,-0.11200397107402134,-0.8923752051690599,-0.6425908394262391,-0.4121757657411514,12,34
-0.114454575418959,-0.02327563758521537,-0.1094546073754106,-0.11630282538307829,-0.06610754454587034,-1.552874884010438,-1.2146489670158893,-1.029690247107264,4,6
-0.3691483295034128,-0.11096887227490586,-0.4565631200575361,-0.5707119012699741,-0.17892291689459028,-1.1527202436485586,-0.9079389207601937,-0.6630192520380459,16,26
-0.2922321209340214,-0.08527164549180694,-0.3678543351399349,-0.4997315346124325,-0.15854646437908423,-1.0290767664515241,-0.7728529062369597,-0.5342523808160048,12,1
-0.1001678194488295,-0.00403942462827333,-0.10851506698425382,-0.17948883691817755,-0.114015056990473,-1.6616017328224535,-1.2940435787489055,-1.1229668212055843,4,21
-0.17332796571868567,-0.0673122901308333,-0.22187280476289337,-0.3367731511898474,-0.1719623268180204,-1.065446024115697,-0.7448727665335247,-0.35307029559501324,8,60
-0.2755054587654265,-0.09414364425212696,-0.35388399285890637,-0.4983224843820152,-0.20728208240610094,-1.1140695936254466,-0.8290008226593597,-0.5659997785251285,12,11
-0.28020297979845055,-0.10347982087689384,-0.3478917397794754,-0.41081105339351737,-0.1092135624616966,-0.9129228275875867,-0.7035104159130083,-0.4648751768018958,12,26
-0.08183450002250703,-0.0273281438129859,-0.06771808416307894,-0.07357121755424924,-0.036080108606853435,-1.423781507067041,-1.0793788060785365,-1.2373314938201674,4,89
-0.10732796568727483,-0.008594154443703816,-0.10875203029599163,-0.14069089922427605,-0.07474179603309432,-1.4946709715073052,-1.1539331484307005,-1.0245445541087648,4,51
-0.38062481271834636,-0.10149148077899894,-0.46786054988384895,-0.5660888779052469,-0.1768314019587107,-1.060088311873981,-0.851694246874255,-0.7269085634857723,16,44
-0.08490428696832755,-0.012830033035623313,-0.08718741405442128,-0.17043519215245762,-0.09902648612279963,-1.6063322926165888,-1.2623362480023195,-1.0644177544684785,4,22
-0.3708802897839909,-0.10488120350195562,-0.45809783689411926,-0.5674045970635948,-0.14005727535048834,-1.0831049560662258,-0.856866209709251,-0.621689302979178,16,59
-0.1755167189895816,-0.06062669394065173,-0.21465079355674102,-0.3631371563036393,-0.1728326773392689,-1.003630456516545,-0.6587085064076912,-0.3746660119012323,8,34
-0.38638300008805937,-0.1319155731430409,-0.4902895153039796,-0.6342387348770409,-0.19286072849888547,-1.1484281142946906,-0.9099641185248518,-0.669585347841562,16,36
-0.20163511390269587,-0.0563852543273238,-0.2483260428761955,-0.3405555100802359,-0.13015606783299796,-0.9960909935420265,-0.697493950181362,-0.4020031763018268,8,58
-0.3140113752675737,-0.13856109793785412,-0.388034204193985,-0.5223780186329289,-0.151140381895891,-1.0730171633917869,-0.8176578198690189,-0.5856555862080765,16,48
-0.2078573679227207,-0.07220021172155805,-0.2458113262581532,-0.3219794098303979,-0.12776245093475458,-0.89023052010872,-0.6056664837909532,-0.3520271491318089,8,78
-0.2576340364489872,-0.09322339903161267,-0.33096353163412734,-0.4526715031661943,-0.17094178538085789,-1.0280372973450735,-0.7652178125784083,-0.5251153480773458,12,79
-0.3105740305302188,-0.09294019214582966,-0.39888450904284783,-0.45754457090695355,-0.1490598919829478,-0.9524419611408648,-0.7296337361974871,-0.5121032759221824,12,2
-0.1971360812429581,-0.05302608346251562,-0.239396575102958,-0.33146920179638484,-0.15121587941370354,-0.9134230924665576,-0.6231247362908063,-0.368309910215503,8,91
-0.39333405967365054,-0.11263208450280393,-0.48577576892548263,-0.5724641223580598,-0.15305767092500808,-1.1053987040471043,-0.8799854597855356,-0.6486388036506989,16,98
-0.33480218319738503,-0.06578943645828371,-0.4229421181208316,-0.5265321043418727,-0.1773128297228124,-1.0399361562043767,-0.8014836140998737,-0.5615956066336316,12,33
-0.26932062822184766,-0.08677139205355681,-0.34194135378308915,-0.41355190146704124,-0.14100686724588612,-0.93480888352106,-0.7022405981951511,-0.46983108908169896,12,13
-0.25544460583446554,-0.1027094975027334,-0.32701671979517916,-0.4196689824614059,-0.14639848424824867,-0.9148908763871252,-0.6931776870959678,-0.47090552450479195,12,22
-0.17962979754182185,-0.06667716933708234,-0.21696056301146505,-0.295667066519776,-0.12273955287545811,-0.900021792386839,-0.6076940533848624,-0.4329990359030226,8,31
-0.1285025833828102,-0.018836388782378213,-0.12437891231931542,-0.1208965764673747,-0.06610055985225696,-1.3722673562778804,-1.073354489046587,-0.8767076963010525,4,66
-0.3737796591383352,-0.07412227652762467,-0.47029174087317666,-0.6161743079586733,-0.20382719695077578,-1.1751180665461443,-0.9246073364537766,-0.6705007145453333,16,19
-0.3702876521632268,-0.08646053415690952,-0.45525471755063923,-0.5472605266631652,-0.14912032619442656,-1.071331775775615,-0.8428176512050707,-0.616003667368014,16,33
-0.26548134576980226,-0.08916022128410449,-0.34256567172087404,-0.47530745073334235,-0.15733534559577747,-1.0091142223997873,-0.7572196538388664,-0.5159085194528615,12,54
-0.09687847513997436,-0.006082032890606125,-0.10455726449975578,-0.14994520222645447,-0.08904208594363001,-1.5010045227184445,-1.1680058063964458,-0.7541641260313094,4,94
-0.28020264591662386,-0.1012657339036904,-0.35153674297455545,-0.464550230940979,-0.13982526100208859,-0.9511344444106599,-0.7160650787253717,-0.48386873553360876,12,59
-0.3556060799734748,-0.12656022510066028,-0.44060949102207314,-0.5414923049840761,-0.15446163875112767,-1.0533078697498885,-0.8235716029134865,-0.6007010145690711,16,81
-0.11511562810507436,-0.017923901538087726,-0.11167374362172515,-0.12496950803340036,-0.0650325476247544,-1.5334195196250897,-1.2495208534893034,-1.181234205673481,4,30
-0.1787740716313819,-0.06965265735344163,-0.23235632312028504,-0.31179715834156263,-0.13537524094597836,-0.9157116069836964,-0.6170267748678134,-0.354612055731511,8,4
-0.2723858054899733,-0.09205194616078888,-0.35779001941897665,-0.4809708316047066,-0.16953207176650217,-1.0435267787547418,-0.7728422028659536,-0.5237784325193964,12,25
-0.1108005932475751,-0.02116248244554497,-0.10751535809449916,-0.16765309803137513,-0.12732138652558775,-1.5729696082322882,-1.2135278659702475,-0.8284255109241073,4,49
-0.11978967086076171,-0.012642216045582235,-0.11737372569032854,-0.16039693661184298,-0.09276229916295939,-1.4924906281905241,-1.1790504275442713,-0.9359824366993365,4,52
-0.18370956920076242,-0.05081426816919262,-0.23663587310566853,-0.364570605738478,-0.16232167502700684,-1.0281525705988566,-0.6976491598186784,-0.4053860956012714,8,2
-0.17108313064462083,-0.06262006995161302,-0.22690130496810137,-0.3072792334428342,-0.1380703732920152,-0.9042966939535434,-0.624283670985353,-0.34008509425149885,8,41
-0.08331838397259565,-0.013493869112185473,-0.08485268849836387,-0.13449562772887694,-0.07671765671218134,-1.4265717013415198,-1.0859049002448153,-0.9619322614953647,4,42
-0.2976883810878171,-0.07517785797473796,-0.37194136798692123,-0.49357286738333606,-0.1545771974088772,-1.0070199166780862,-0.7545737841942403,-0.5248896369739603,12,48
-0.0762401837003396,-0.019154003700310007,-0.0757856454884008,-0.12434085455263708,-0.07629178725245049,-1.4558968787733426,-1.0954355704915035,-1.1272325949022002,4,88
-0.31720661964969943,-0.052318809519599115,-0.39807129544241143,-0.5225938818618866,-0.19574846424688186,-1.097313750921775,-0.8265336191625201,-0.5697444599039254,12,21
-0.22640468137273537,-0.05303049176799339,-0.2745298540384532,-0.360135804236248,-0.16002517302666747,-0.9629039836790224,-0.6712292141673661,-0.4195844946733366,8,22
-0.3498797978787114,-0.12423974584897424,-0.4330134463206122,-0.5158165117034994,-0.14222323842023,-1.0034040614091124,-0.7952759728367971,-0.5756330013663985,16,37
-0.19139483395946602,-0.06710499508410024,-0.23203444900707978,-0.3288113190545788,-0.14277184713354166,-0.9708679564568263,-0.6817193975428638,-0.3602631588644104,8,79
-0.1671441912662291,-0.06607886151453439,-0.2234649816932725,-0.3496276451422581,-0.1848006269656334,-0.9940874945730345,-0.6726919938016371,-0.37333788570545745,8,74
-0.34477301087707124,-0.13103477319177723,-0.4384892120019563,-0.5691270212758661,-0.1660365042796561,-1.1071626222089412,-0.8682639105262636,-0.6209000600712838,16,9
-0.14009343761451729,-0.0062382359273588,-0.139709181264864,-0.15066708641979973,-0.07615405154230664,-1.588214003645308,-1.282318151622063,-0.9655994329299297,4,31
-0.3554784545248924,-0.13015343115357877,-0.43974828851699127,-0.5163219560545086,-0.1560965562482539,-1.021963371131244,-0.8029579024465899,-0.5835150996257592,16,60
-0.23922966063169226,-0.11510121584423749,-0.31637264911065655,-0.43065780330445286,-0.14231609742615386,-0.9578514427801147,-0.7040632001064344,-0.46598167844226407,12,40
-0.1707854596972053,-0.046645847922083004,-0.22628634057953526,-0.3279800545612568,-0.12284636380271342,-0.9283119934947812,-0.6297305143907027,-0.36520038735556404,8,66
-0.18212155707032499,-0.07635359748187846,-0.2310770237896004,-0.30235584648305075,-0.11250040217403545,-0.8795632253357676,-0.6188128339052048,-0.33217865360193094,8,25
-0.2847423691346944,-0.07213129392643901,-0.36462688662378534,-0.49581122585655657,-0.18501401408530313,-1.0005372513643012,-0.7532179002741127,-0.5131264813410998,12,81
-0.16451548455090836,-0.06370246688289599,-0.21410463048269565,-0.3278673478549498,-0.1448116870926825,-1.044700444168402,-0.716361121362984,-0.3798991233260821,8,98
-0.2115402243952531,-0.04883707014161022,-0.2615746472988898,-0.3618909344558667,-0.1623644976192232,-0.9835646309575279,-0.6524435523739874,-0.40014126237961023,8,49
-0.38741889694122894,-0.11309512528268904,-0.4831746495429959,-0.620247460508607,-0.18321019162209604,-1.184102444740425,-0.9365287837872935,-0.6837266210826958,16,40
-0.12301051483289481,-0.010410749739116841,-0.1309522596063817,-0.155402306058999,-0.08765802569251303,-1.5022049650063816,-1.1562760893295947,-0.8235995472112625,4,35
-0.395108472498982,-0.08415690726977192,-0.4921755038759653,-0.6120083000273744,-0.1666504709302306,-1.1492573507184143,-0.9153808820912195,-0.6701994238457467,16,78
-0.1812046682224971,-0.0602843630996378,-0.22825707406881035,-0.28696207214775105,-0.12833157824282979,-0.97280368939516,-0.6820344078622637,-0.38078528417957574,8,45
-0.4022763270220722,-0.11854279076838066,-0.5002154047898564,-0.5934333926438079,-0.19171218348796024,-1.0929851199118603,-0.8862702063722031,-0.6542822771609672,16,52
-0.0891804746223742,-0.01115004584947158,-0.09615320089458945,-0.13929386930337104,-0.08604475575903033,-1.5652878360106421,-1.2147359645184241,-1.015744947064448,4,15
-0.36031762775531645,-0.1559199227117772,-0.4493313220134111,-0.5243174592712742,-0.13417736159590618,-1.0384562083039581,-0.8276510120571902,-0.5968826077090911,16,1
-0.32155378767951653,-0.14830718715161845,-0.4061808651184697,-0.48564430643994255,-0.15145773595986556,-1.003096539612878,-0.7919138062847361,-0.5734825436463988,16,41
-0.1885527611897769,-0.07465031295048176,-0.24380011163845638,-0.32603114958831425,-0.136683919926405,-0.9690771182929527,-0.6706705242742302,-0.47072908838717203,8,26
-0.09611733304142916,-0.016830704076303542,-0.08873236570613188,-0.14318908910342174,-0.07153200091355953,-1.3874032744751092,-1.0291874205476061,-1.0807091268632947,4,17
-0.2520669731511363,-0.0784154219562105,-0.3252552914856583,-0.4472556457068149,-0.1531311986839403,-0.9763289984806647,-0.7328182202857306,-0.4949935976278067,12,50
-0.1971960544608249,-0.06157017035464325,-0.24517506053120872,-0.34571246426914215,-0.15075811262038702,-1.0489091293629627,-0.7218457523671793,-0.39874555890562724,8,32
-0.3797665814983582,-0.11237234371903174,-0.47808498552664297,-0.5376766371064124,-0.15170735146783376,-1.082969252536757,-0.8657392715501857,-0.6298739262761348,16,42
-0.17855775982128938,-0.06559663714510852,-0.22627090679334688,-0.3085547017464314,-0.16535363302749626,-0.8849069770721577,-0.6087001660212116,-0.42621723733784916,8,68
-0.33847283516466004,-0.10205882746904292,-0.4259761674433638,-0.5139626746610946,-0.15503349456922794,-1.0567638395133845,-0.8278146247012207,-0.5957664478226786,16,2
-0.09933365792629968,-0.025911770876335696,-0.09112284861782559,-0.12575236936146467,-0.07934534593110788,-1.3994583973497519,-1.0635265128510083,-0.8445506962503697,4,76
-0.11722960817615699,-0.007696589026247558,-0.11921004650338503,-0.15377176098171827,-0.09096816220240947,-1.356525989656711,-1.0401118254225508,-1.2128371805416895,4,3
-0.39259181432893103,-0.11225392216189761,-0.4869286107594536,-0.5929087089403499,-0.1895659681485914,-1.120139275160961,-0.8905873235584895,-0.6588163055235428,16,27
-0.3903506282882573,-0.0976368174413164,-0.4810111398880744,-0.5881757801792905,-0.20420731671197637,-1.1156343332772758,-0.8950262353485421,-0.6591723601252534,16,11
-0.24387280244956497,-0.12006349101551621,-0.3144464890359427,-0.46740002380811096,-0.17115666553875103,-1.0630582895514378,-0.7764024618605223,-0.5211230322645918,12,83
-0.11392506372136825,-0.018694417145642846,-0.1153020702312287,-0.1333520394745169,-0.0729186747883941,-1.372612630776971,-1.0572944326661082,-0.9489629177795152,4,13
-0.37471414534648945,-0.1049159056571566,-0.46418439916502857,-0.567165911902779,-0.16007843299212587,-1.0470621718631095,-0.832938921250445,-0.6165189310146727,16,3
-0.10693852923617723,-0.016087141140030813,-0.10224766654381413,-0.1285826281446695,-0.08412856117927517,-1.300305274955525,-0.9738974669270051,-0.9133680865472695,4,54
-0.20283796145650534,-0.06369293350302446,-0.24789192621106104,-0.32544338459881234,-0.15119914792567324,-0.9730879023435915,-0.6790573286704391,-0.37126566555192536,8,29
-0.10133331536460412,-0.020342941464272825,-0.09794190321660116,-0.12042069841354287,-0.054885305858549276,-1.3657095455644412,-1.0607690981860136,-1.011474533249996,4,93
-0.09831351526779541,-0.012103765730143684,-0.10590567855928162,-0.15179779004670457,-0.08798465962498048,-1.383115473079466,-1.0644562026355853,-1.064407146315283,4,26
-0.17912324738971128,-0.05721675169599918,-0.22209523517548246,-0.30956494591242495,-0.1106814138370741,-0.9424352162115421,-0.6585491840534167,-0.3359514393767231,8,97
-0.20037967614001467,-0.06101139487803123,-0.25671420773914155,-0.3656920465060854,-0.17727168211148506,-0.9828015317097117,-0.6754102651178746,-0.3636518152476802,8,75
-0.36241632117621314,-0.09807048197681746,-0.45527519022646573,-0.5921830725023252,-0.1689133514988918,-1.1310040809749466,-0.8896251575412829,-0.6455329827662161,16,65
-0.11900885385585204,-0.00829845857661375,-0.12157466563133934,-0.12683597242655714,-0.07790647810756546,-1.3649341930850123,-1.0138767294313322,-1.016777005986526,4,45
-0.07668321364600758,-0.020398598621790533,-0.07748822464489262,-0.13918432366503458,-0.0903281699067493,-1.4017047094644959,-1.0420254319356639,-1.0278434492676516,4,47
-0.3817738284508588,-0.11618717297850609,-0.48673184891485166,-0.650381388310193,-0.17643090822106866,-1.1784413295727245,-0.9265852675087123,-0.6780988768762573,16,91
-0.09979696611769412,-0.008589118090970096,-0.10641795227954293,-0.1632143009648871,-0.08606804321849217,-1.5454233635568435,-1.2116938166861886,-0.8609650938716162,4,29
-0.08455817429852072,-0.010308731044633495,-0.09439220960376724,-0.14920112988138953,-0.08859583429238756,-1.3789913451799565,-1.026090730658498,-1.0457761404633044,4,25
-0.3066731217479493,-0.0774241755299142,-0.39044536409435754,-0.5212145604305192,-0.16346969108061915,-1.0258082970730658,-0.7768507249530143,-0.5381734185571049,12,65
-0.2579726427184119,-0.10869116584800738,-0.3384444373575018,-0.44347295338431403,-0.15334052177258148,-1.045598222346267,-0.7734773409873409,-0.5136399889971135,12,23
-0.22726908299054838,-0.07852117423760878,-0.2669289115695873,-0.3029617576170025,-0.08775650142299775,-0.8451116902485312,-0.6000900743199576,-0.3151270952093577,8,44
-0.18403923968329017,-0.06310628599868441,-0.2295668893646012,-0.3374318475445673,-0.1830465401979239,-1.0197498277072816,-0.6865744774998198,-0.434776021046495,8,67
-0.40061694162246236,-0.13291270469736938,-0.4973133224510418,-0.5832239236764272,-0.16911479279895206,-1.0543985499986135,-0.8502041715557543,-0.6301985531270468,16,74
-0.09444150140147084,-0.010990534113587016,-0.09619250700383222,-0.15230352683854267,-0.09237158355278856,-1.4975924967409966,-1.146576959078056,-0.9056658427444273,4,23
-0.2814060714037224,-0.09116596420453352,-0.3697790093871648,-0.45757564654897953,-0.15660252561709098,-1.0250536451931944,-0.7642228722166028,-0.505976258344722,12,74
-0.3136856724658674,-0.06218669402117957,-0.4057447649489882,-0.5225212830879843,-0.16174418146510192,-1.1259328018952384,-0.8599857595390472,-0.5817246206761011,12,68
-0.16758407373439627,-0.06034190869006771,-0.20846237443139579,-0.3132384554287399,-0.15875065481476475,-0.910769585474404,-0.6096551013087562,-0.4157425058449854,8,11
-0.3644402417630846,-0.1281621999933088,-0.4577274085580019,-0.5530460408207,-0.16917704939255507,-1.0516771297762841,-0.8380480611657328,-0.6119061382357729,16,15
-0.10615946738057805,-0.017206106410549232,-0.10597036843488554,-0.15820588714076092,-0.09806199986581018,-1.5047185204336437,-1.1723572468984893,-1.1869824852878517,4,97
-0.1798717827674574,-0.08408470472984485,-0.23700305340587358,-0.3035020624367882,-0.1272028732993149,-0.8434479343744002,-0.5837393432138466,-0.4327151614271484,8,48
-0.289002415549332,-0.09206807620475331,-0.36976206899192876,-0.48575734827516603,-0.15535330435644862,-1.0359491474957527,-0.7783276609829083,-0.5379316537221339,12,60
-0.29151609630467795,-0.0724463671101089,-0.3698922636676195,-0.519380459759177,-0.16992253696743476,-1.103744135051783,-0.8188991671659412,-0.5529082392468038,12,29
-0.20919303458151195,-0.04114514886432362,-0.2660498980505058,-0.332297883343608,-0.15324392096393658,-0.9895255362625716,-0.693066470535236,-0.3990542900331395,8,92
-0.11540698266475076,-0.020129250007692796,-0.11345532014715204,-0.13226743084042447,-0.07150509400097421,-1.5415253918675944,-1.2137452616064657,-1.2607992674097086,4,63
-0.19160116831455276,-0.05738467179697851,-0.23487956281300218,-0.37054584458609136,-0.13717107960722,-1.045482912257856,-0.7182746000582857,-0.3524251094024229,8,61
-0.10758532995090672,-0.02471658374927629,-0.09791386458971002,-0.12754330261713226,-0.05996790614224449,-1.396131255781684,-1.0650529875487507,-0.7041403867204776,4,86
-0.09640982865595558,-0.00768913546373269,-0.09547667598777625,-0.1313277101262487,-0.09339710157855896,-1.358178752241136,-1.0288576422534432,-1.1031898494902563,4,14
-0.21897469879343948,-0.048210501137641006,-0.2593948813639505,-0.36381303774379625,-0.13530716944522328,-0.9913482518388789,-0.7057261362074495,-0.4235060879907179,8,3
-0.2837712538448938,-0.09931002132212431,-0.3640356406296406,-0.45113436727998657,-0.1451268134831194,-0.96237702906029,-0.7405030295946893,-0.5043814672610468,12,8
-0.36594101378689586,-0.11009465242653141,-0.4560840435854361,-0.5330027805938118,-0.18316800960148039,-1.0606442058107746,-0.8470438749347603,-0.615353132160029,16,85
-0.3812731356381363,-0.10396757978378367,-0.469321944757749,-0.5811504127628404,-0.14765488914318917,-1.1254964222727,-0.8891089286751608,-0.6498715479939234,16,45
-0.1972803464620837,-0.04345671577886506,-0.25670007460297894,-0.4063068710119573,-0.18596587293501732,-1.1194857741697914,-0.7902094253797374,-0.4889393265630735,8,70
-0.3923244514071889,-0.10413438176542923,-0.48180615386072734,-0.5789084545068881,-0.1977306913706358,-1.0820069636698464,-0.8696762157048962,-0.6455739396348594,16,6
-0.10930562610708522,-0.01740622540091532,-0.1062400617556826,-0.15034419905968138,-0.08734354780059372,-1.5002669579004009,-1.1595798199002707,-0.9009948315016586,4,83
-0.17460564193101039,-0.057742423181512265,-0.22362256061957034,-0.3735747144629843,-0.17463873222120116,-1.0589796193836412,-0.7256835059364753,-0.3876431277429269,8,30
-0.3337301663295533,-0.1511725100695709,-0.41887047119426024,-0.49620610533263027,-0.10564415788259535,-0.9546266766686322,-0.7551098328488138,-0.5504465801795715,16,14
-0.1849712890771012,-0.05209949587712292,-0.23252428254319987,-0.31100365079051484,-0.1285859692928356,-0.9175484529886722,-0.6392441141425615,-0.3566827843716989,8,57
-0.2723667980306138,-0.09171557824798339,-0.3525237133990375,-0.4676244993666441,-0.15044047208535838,-1.0020109214966197,-0.7422622173409841,-0.5001311900025507,12,20
-0.46003194064988845,-0.07333547167721885,-0.5572178686467323,-0.68941232583339,-0.17956748702573255,-1.2396443853574295,-0.9944228301157567,-0.739904301219053,16,82
-0.12411321258848221,-0.013845589392626081,-0.11922623743288657,-0.1273745883953939,-0.06619870085905172,-1.4150878786245444,-1.1013037779632981,-0.7162072013841668,4,62
-0.10862614088721835,-0.022965264702103513,-0.10895387975407267,-0.12154769386607922,-0.05229526636043598,-1.234231360524505,-0.9016796718827805,-0.9092282785163593,4,73
-0.18278334057799195,-0.07946125290023998,-0.22883075070754785,-0.3199810620311371,-0.12729578197636623,-0.9069799210858307,-0.6086672753929785,-0.3651699753774023,8,63
-0.3532294445075224,-0.13624328744015712,-0.44295332939480264,-0.5238615651035387,-0.13246955284585102,-0.988394299928952,-0.7873612335352171,-0.5749413812697488,16,43
-0.3574303185199145,-0.12174844847096311,-0.4579865413454338,-0.5360111394992086,-0.1516908623599773,-1.1017915090916195,-0.8672373471416016,-0.6275457600914873,16,72
-0.3962793602794177,-0.09288273336375952,-0.4866864642802629,-0.6307990027267849,-0.21911437408309933,-1.1373163204569405,-0.9049107579015435,-0.6624814363290399,16,23
-0.374952517178726,-0.12376551650157458,-0.47241668694144173,-0.5831786362917538,-0.17179750155862508,-1.1262054187467738,-0.8908099053474462,-0.650491723555612,16,80
-0.1838343582427615,-0.042705216226363904,-0.23137749627869766,-0.35506998905073217,-0.1436447242940073,-0.9748461842601708,-0.6741939963086345,-0.3663240537278179,8,19
-0.2450066506421857,-0.1019423072896515,-0.3196395924086939,-0.44316469818799137,-0.13352534791861254,-0.9651079744353436,-0.707032758807608,-0.46914454868324335,12,32
-0.3292619285577528,-0.12916048478693756,-0.4164997860331755,-0.5222481287253984,-0.13900984160310215,-1.0221701550206974,-0.7943952822776792,-0.5707973738718413,16,56
-0.16803860298822396,-0.0668994038246785,-0.2219007291467246,-0.35348509187192656,-0.1524595380807387,-1.0135782949708372,-0.6837957878342226,-0.4492086668322779,8,47
-0.3218852530596685,-0.13183213493145338,-0.4034005588730501,-0.4979759900499756,-0.11214567449036748,-0.9691885666118011,-0.763182592948109,-0.55142834081961,16,34
-0.07474081852173782,-0.006443459316430998,-0.08097491049159775,-0.1743275967349701,-0.10403871156860356,-1.6440843461507872,-1.2244106596170077,-0.8313692515535724,4,80
-0.27897649860771434,-0.09243870164115449,-0.3590086790248148,-0.4462608473064887,-0.1385488664119004,-0.9750715516294421,-0.7351946301256319,-0.49924858956918977,12,47
-0.3797086510718706,-0.11415346925730231,-0.4749654155662162,-0.5847004955573023,-0.19409663428072949,-1.1371191353399626,-0.891272844349525,-0.6507268806566403,16,32
-0.2972949676694492,-0.08107003371940409,-0.3663746713133802,-0.4469105335310099,-0.1571400613910936,-0.9484299976944512,-0.7256532207981377,-0.49485496120732725,12,62
-0.24853184260550062,-0.10574382646369966,-0.3248430634604426,-0.47439524384859466,-0.16193199733184532,-0.9936960684986513,-0.729444605408733,-0.49054216217225155,12,4
-0.3454367402726799,-0.09898660770735691,-0.43117912090085997,-0.5677230277329637,-0.16782738879573747,-1.087044326374392,-0.8549321340340764,-0.6180000538540927,16,73
-0.17695155323466227,-0.06131328474964052,-0.21530431265068337,-0.3007586293987274,-0.11578424708247084,-0.8983465043589759,-0.6032478057428441,-0.3203080788326023,8,1
-0.3529508851761624,-0.12002795622170112,-0.4433432064033608,-0.5274153643948627,-0.1506430674730119,-1.0428927053811337,-0.828479370403162,-0.6017038469109097,16,93
-0.25712021791826645,-0.09100215069749165,-0.3316057978924447,-0.5051675790808804,-0.17672609001322703,-1.0965574639166116,-0.7996139477315491,-0.544530499724204,12,14
-0.20361290137650725,-0.04596092823467832,-0.24936347122104863,-0.33286392174154844,-0.12946596512499822,-0.9701670049455713,-0.6689197637074316,-0.39616594260977867,8,15
-0.09315993115427713,-0.01415347519546156,-0.09587166832568292,-0.1278333817107238,-0.07513550126285781,-1.481161970622149,-1.1302014459255256,-1.1941902692243875,4,11
-0.17943782585568696,-0.07490137863925671,-0.21950360141968087,-0.33033156899705957,-0.14204579916928883,-0.9496188126946973,-0.6552355216079189,-0.40747341243728963,8,8
-0.2095640858478265,-0.05313792098930891,-0.2578429487996354,-0.332281742744148,-0.16953061125866684,-1.0039900184256658,-0.6848326043656597,-0.39034303432021444,8,90
-0.36132360055481977,-0.13449612976417105,-0.44207480536446314,-0.5586137265018258,-0.1513731487734325,-1.0672961859385655,-0.835333654444913,-0.6065798945584784,16,46
-0.4179557786890338,-0.09647455932143519,-0.5213852489104875,-0.631141969840492,-0.20414678363751979,-1.2086279286678197,-0.9612154455513657,-0.7043803393073063,16,83
-0.1971499891630293,-0.0658596918935212,-0.2403437766956847,-0.3388957926255472,-0.13202305817052043,-1.012149211856898,-0.7079271747732033,-0.3551564058383816,8,16
-0.17969117971019766,-0.05908188301569462,-0.2305047523392124,-0.32655704285638926,-0.15772360792284545,-1.0223430160729452,-0.7110094308974882,-0.41350485320370683,8,37
-0.35185070953290504,-0.10984178133970775,-0.4381447105155719,-0.5895320019739816,-0.1830603738412405,-1.1418551350853825,-0.887078367231338,-0.6394466000309086,16,10
-0.2782094882496941,-0.10431667414038653,-0.3471385031067357,-0.43286358588302587,-0.14289239020982972,-0.9714216966289759,-0.7201005421238942,-0.4867481912528284,12,41
-0.3677922429675679,-0.11644540121142463,-0.4499432093634576,-0.5527202471330199,-0.141768768066036,-1.0530486653333437,-0.8371727108330577,-0.6107048296070425,16,54
-0.25288930781924635,-0.11249115841028147,-0.3336716538623584,-0.47120458075661187,-0.18313712473963767,-1.071458798251896,-0.7870138160899491,-0.5286851330401101,12,46
-0.410002079078131,-0.11214515662023612,-0.5079858021412884,-0.6233734328557275,-0.1775386519843315,-1.1591451355555646,-0.9366080138543256,-0.6945315984990962,16,30
-0.1741876344674957,-0.06330811345665457,-0.21315175675952508,-0.3163155846883301,-0.1106742756163913,-0.8970771257980408,-0.6160873359667873,-0.38971117687331913,8,40
-0.1455388250658941,-0.07976399019178967,-0.18814701787887173,-0.2796038564685471,-0.11442692734065585,-0.8363219187166189,-0.5516224833650925,-0.31489179669265405,8,88
-0.09771251423040607,-0.012824949403632378,-0.10109962577765713,-0.1515399248366749,-0.07859801690370803,-1.539645956934292,-1.172537893135268,-1.2353778926517325,4,5
-0.26235449492100144,-0.08552030864165334,-0.33894752159348435,-0.49272801830112684,-0.20730267183330556,-1.051421369914411,-0.7806191821136294,-0.5318026262415049,12,86
-0.13518272586121555,-0.0674243148946334,-0.18152638046912828,-0.28476243598019735,-0.15684946364100516,-0.9738840038335947,-0.6645812924809845,-0.322289368680472,8,93
-0.2676361796586412,-0.10681323829802233,-0.34456272810160826,-0.46428059726796517,-0.14699574162375467,-0.9857250712565933,-0.7277486889461021,-0.4894658257681485,12,90
-0.37456994521271136,-0.1256563553963158,-0.45723034842813726,-0.5694739329206393,-0.16136891660685593,-1.0859528052053462,-0.8570449547305261,-0.6289053719820783,16,38
-0.1071003114367541,-0.005439095260952055,-0.11842963879041633,-0.16361804206355066,-0.09276042412810669,-1.662519936648293,-1.3015134854487318,-1.1944461116399476,4,82
-0.2941396664191061,-0.08058045488926896,-0.37804933438836574,-0.49786606147500073,-0.1452328700632488,-1.0333800437192395,-0.78827612850972,-0.531019351412429,12,43
-0.30356269513635337,-0.06802669989292451,-0.3928008956822579,-0.5144582915850083,-0.15116867655329969,-1.0693005187992786,-0.810588591461857,-0.532564787587445,12,98
-0.31390258120233067,-0.1522828402035447,-0.3998774412047028,-0.5227164756333714,-0.13251598181992527,-1.0119923785016989,-0.7864262703085272,-0.5688507324696235,16,25
-0.2828647093273766,-0.0942947555147637,-0.3569578673749516,-0.4881775240462958,-0.15299344047357907,-1.006573236052495,-0.7523157891569717,-0.5175668715792024,12,51
-0.10659024133212638,-0.016614255332157213,-0.10933667031111372,-0.1440630878394752,-0.06138202704783963,-1.5302629403031565,-1.1939947391614174,-1.2448315100921665,4,77
-0.26075003614536824,-0.09482593226666344,-0.32814357484028484,-0.4397671912426355,-0.19538318348043618,-0.990397822965711,-0.7414974728867535,-0.5009082250993342,12,16
-0.1928786700418553,-0.060189132399656356,-0.22816280409837744,-0.3216955948952019,-0.11957027197593754,-0.9519793229900437,-0.6508616044099109,-0.41649151644053095,8,24
-0.2660706509999125,-0.08725107654060582,-0.33827191740784135,-0.4594527033799754,-0.15512339349415658,-1.0214009279267118,-0.7552086059593873,-0.515508687830507,12,94
-0.26205406942045395,-0.08574359309620622,-0.3442589435552228,-0.458959561029852,-0.18252845667451242,-1.0294658773626784,-0.761461642021299,-0.5166505372026048,12,76
-0.10912217099272613,-0.006633435769682934,-0.1125704009056991,-0.1657740914929586,-0.11129995421643261,-1.400408256143562,-1.0512915409239685,-1.011790374670739,4,71
-0.2793910186821703,-0.09545981195453938,-0.35616187579089137,-0.4527309675411839,-0.13890146082669044,-0.9775873058772732,-0.7334628843923873,-0.5004087526029231,12,71
-0.09527772045347215,-0.01994900311344027,-0.09022724393486138,-0.1232518497005324,-0.10076177387165566,-1.4975821027122207,-1.1714157513439283,-1.0218915992239843,4,55
-0.10061278214567305,-0.009979570979578703,-0.10650860965035198,-0.14461013851851626,-0.10866414071672247,-1.50574739331744,-1.172836231031452,-0.907350392126604,4,4
-0.17503364511260747,-0.08005381629282154,-0.20635142229223724,-0.3037892229366595,-0.11940945430529858,-0.9004184730126373,-0.5935580942084316,-0.360943234691293,8,46
-0.11125489817271089,-0.025171349784055545,-0.10249288792866806,-0.11029870021616983,-0.08826658504318932,-1.342961014781099,-1.0171271936802755,-1.113800276469226,4,99
-0.16008743621505256,-0.05688459836278051,-0.20491324593485621,-0.3042411817453639,-0.13516146561282416,-0.9933492338230463,-0.6656449411263037,-0.41642508488482527,8,81
-0.08438403069627691,-0.012555991652850646,-0.08125414426001436,-0.1301345978713479,-0.061553274333703084,-1.3393549371372044,-0.9746629491883816,-0.8297607308817696,4,56
-0.13521877926063197,-0.05610054590505308,-0.18606819465355648,-0.28393840192063746,-0.12406070591638345,-0.9691109350622239,-0.6574866977132362,-0.3796942473611388,8,23
-0.3937726095505491,-0.12494248356360771,-0.4873839401955304,-0.591004687134578,-0.1633155216401179,-1.1642948168943827,-0.9225989213084106,-0.6712420634034751,16,24
-0.3642669346817856,-0.09118036404607682,-0.4420405519358102,-0.5656985500122048,-0.1426556142529864,-1.0860437902289042,-0.8519483939945274,-0.6176251764051147,16,100
-0.20455835391957342,-0.06399186444119558,-0.25041513945122806,-0.31330544091899337,-0.10542333480220202,-0.9259103044655167,-0.6347059690528905,-0.37525812440282774,8,52
-0.17936341120481036,-0.05105752242459576,-0.23550013842361495,-0.3490530180379902,-0.12891866556392886,-1.0165177098790676,-0.7185909295467955,-0.37813472780930024,8,76
-0.1950756760468136,-0.05191254973765566,-0.24983515889396266,-0.3660767466446797,-0.13818584891188992,-1.012826123864467,-0.700179511198486,-0.4300641648135884,8,43
-0.38513061459923503,-0.08757928042600534,-0.4734378463533875,-0.5568880804324023,-0.17821241393261264,-1.0330873823011402,-0.8290487236692066,-0.6116169486936175,16,4
-0.3616514462267517,-0.13509961272656262,-0.44601560122277745,-0.5482418755129804,-0.14508654898713763,-1.0320989008836665,-0.8149617060110671,-0.6001313741790111,16,88
-0.344079940246537,-0.1253416571289484,-0.4304565927872212,-0.5284708226335367,-0.15828489404166443,-1.0551305983926595,-0.8307378444257079,-0.6035152720283338,16,21
-0.09806755055397827,-0.010756554062615414,-0.10082407216191376,-0.14604851239598987,-0.09499747459585871,-1.5045565419221658,-1.1541709322658102,-0.994445200026604,4,70
-0.26903144729074413,-0.12177167854055511,-0.35710586711794245,-0.5062294462441148,-0.17158446308911943,-1.030322239502001,-0.7733959113112262,-0.5313385509940131,12,6
-0.28956733434750775,-0.09467521409302163,-0.3696193663041521,-0.5048886625827547,-0.19885000132555883,-1.0676639849033918,-0.7915827926722111,-0.5414082154253804,12,44
-0.2331291332632619,-0.05319314730226555,-0.29054897206152247,-0.3926612600573642,-0.156392495035999,-1.046485596565942,-0.7545234299832911,-0.411882252463839,8,73
-0.24833462895548827,-0.0809857257362852,-0.32600935317207785,-0.4769952531944196,-0.164607360782911,-1.016093008924584,-0.7522815604735498,-0.5044604026385546,12,77
-0.2691840350685936,-0.08957206492408139,-0.34748852672386615,-0.43811406646834955,-0.12252079760382695,-0.9551803024766671,-0.7121079151676715,-0.475087550992513,12,85
-0.3124242295611669,-0.09982884765979762,-0.3917505735708879,-0.5325874953146145,-0.19167050035195476,-1.016288481205513,-0.7814865238550883,-0.5473373539845368,12,30
-0.37364389855377383,-0.12574497882021277,-0.465513932090194,-0.5281374913351822,-0.15436321761574154,-1.015208315245629,-0.8135200576131069,-0.598990492385377,16,12
-0.40652243662335186,-0.1121036307723415,-0.5004969893892327,-0.6335812695679474,-0.18912798074627502,-1.1807885588923515,-0.9399588608810487,-0.6959430156818064,16,77
-0.1759121280956141,-0.04483316813567825,-0.23964966005244134,-0.3410751639488138,-0.16199530125051467,-0.961264343980285,-0.653201235192174,-0.3666297221907386,8,51
-0.25598351062604313,-0.10709243179705275,-0.3309778872039847,-0.4231750421504088,-0.1256357193113546,-0.9447875273311651,-0.70907454453691,-0.48424726336865337,12,5
-0.2518944216323676,-0.09303566386344228,-0.3297141532194522,-0.46118504552882267,-0.1497013009391042,-1.0147029900341407,-0.7494122063481097,-0.5057150273221024,12,95
-0.2727859379774991,-0.09228295153668784,-0.35565853537333747,-0.47383800036587653,-0.16089752673337804,-1.0325417253754345,-0.7611973846687079,-0.5172693796407063,12,80
-0.3381834037233442,-0.14390273399325818,-0.4143711869068759,-0.5435409807000134,-0.16583130801039334,-1.11458186532859,-0.8700366771153045,-0.6281608581631312,16,47
-0.28728764416582947,-0.10497665898996578,-0.3608194894829436,-0.4878350870140155,-0.1426752045512839,-1.0568063830982057,-0.7833158349223757,-0.5288091232505993,12,84
-0.2104877918404332,-0.037432123992567894,-0.27427216772033525,-0.3778610822793443,-0.14612426509105422,-1.00242423531997,-0.7191720227661145,-0.3872340054656782,8,94
-0.2359786305820475,-0.11615995416970261,-0.3070850983148387,-0.4077289325042036,-0.1345871599101272,-0.9103612929316762,-0.6754024119190724,-0.49532505339501,12,64
-0.29934958737327994,-0.08323346105012552,-0.3781131032644068,-0.48104395519257254,-0.17405247689028597,-1.005414224506845,-0.7639050296641811,-0.5149855653777531,12,17
-0.08187538802733371,-0.013072865328239522,-0.08305810595088192,-0.13397110502422807,-0.08675649912797019,-1.5707857246074255,-1.2171037554210355,-0.9388176290201121,4,72
-0.35671616951040175,-0.14988197994228028,-0.44564347198830273,-0.5800922134992282,-0.17417090043861114,-1.1133618924851416,-0.8685019033536828,-0.6347534671992064,16,68
-0.25519160529548146,-0.10035163665913933,-0.3268470960528833,-0.4541587569733377,-0.1540684412727495,-0.9895999334821299,-0.7321070688978483,-0.4928322341070856,12,66
-0.09721893995070678,-0.014245803113283892,-0.09070106158526117,-0.14807649856585334,-0.08645615168854483,-1.4689199778511781,-1.1119789568116916,-0.849796636674302,4,12
-0.27092965433707916,-0.07662430946471264,-0.3496813366796364,-0.5031737238050982,-0.16411191951385046,-1.0335104156840962,-0.7706241234542464,-0.5195252645263306,12,63
-0.39110160850270553,-0.1063020367507842,-0.4730472103827534,-0.5915646163322281,-0.16634238384418343,-1.1397133458141784,-0.8989542807230253,-0.6606695520640944,16,22
-0.25399312313113487,-0.08264981976936446,-0.3185667045712579,-0.478921215734183,-0.15456748451819408,-1.0001594688232927,-0.7504949796005408,-0.48655896427813716,12,89
-0.18602186815333352,-0.039370801982891376,-0.2414203990857946,-0.3396578402152438,-0.15747559679903514,-1.0020472320757465,-0.6742924902633811,-0.37364419063879345,8,42
-0.3818951644196391,-0.11508919263538435,-0.4626997780212407,-0.5833744828474929,-0.15513496185238448,-1.0917194133829748,-0.8710590673507219,-0.6423807435177116,16,69
-0.11433350538760893,-0.013598029743794135,-0.1116261385642373,-0.150969136367589,-0.07144262723901006,-1.3367430451506148,-0.9825073646224809,-1.1040584404958516,4,69
-0.20226460557017883,-0.0476794301954464,-0.24902693448247676,-0.3400423522438817,-0.13486326786084385,-0.9910206533623821,-0.7077995643933873,-0.39381545716376126,8,85
-0.19502906357126454,-0.06194321793371324,-0.23833831916245532,-0.37472204433073353,-0.16413215154109048,-0.9940753260293489,-0.6836434445094904,-0.39282256890255746,8,96
-0.15737800771088437,-0.05665618653096897,-0.21273239046008113,-0.3162831515315096,-0.147769336959993,-0.9718883820271047,-0.662168806910182,-0.3447450247599467,8,33
-0.12464569074174972,-0.022472694010668738,-0.11303139178995619,-0.10720816592763915,-0.07136879323846713,-1.5654238254722763,-1.242538291765045,-1.013444968043996,4,1
-0.26856710563078046,-0.10651905760368331,-0.34677403229611575,-0.4450163425687529,-0.16847149186158458,-0.9555733688814867,-0.7192599166595907,-0.48812594927844727,12,78
-0.25594983858189485,-0.11226513040580018,-0.33923527986826907,-0.4067642473284417,-0.14939868235779433,-0.9195737732838725,-0.6949732431506807,-0.4843286701476592,12,24
-0.35255605785748195,-0.1122163208926392,-0.4433128200422525,-0.5813426308157841,-0.16830848327324807,-1.092953625126167,-0.8557201582569635,-0.6184851786864605,16,89
-0.0816639415457002,-0.017178986473640207,-0.08076884973423189,-0.14100697974265977,-0.08925969490698128,-1.5181358386877444,-1.1239458931849153,-1.100700362426593,4,95
-0.18107530229434393,-0.05189124311363915,-0.2276082665353269,-0.3442431059522661,-0.16025802658980265,-0.9789966410508921,-0.6663857579489401,-0.345321436787194,8,95
-0.23934523285219506,-0.12137988890030542,-0.31502315416974924,-0.4262401839635461,-0.12932347022042304,-0.9412533945675584,-0.692470507403561,-0.4615700774338784,12,96
-0.3733846367489548,-0.12105674073086926,-0.47347617951182214,-0.6057331912262186,-0.1827414848695862,-1.1368113891404377,-0.9071584150667972,-0.6639026667601882,16,13
-0.09771031222901867,-0.017686763186871835,-0.09800674562928395,-0.14133292532933725,-0.06467669295636078,-1.37142785023826,-1.0541955928451872,-1.224704727752082,4,27
-0.28374249769270105,-0.09244046968321903,-0.3598325002799146,-0.48977304977818326,-0.17909915522276787,-1.0706886354246012,-0.7925222452686097,-0.5461196071773202,12,52
-0.2898872045647057,-0.08511609024681778,-0.37930534126765575,-0.5647638092169123,-0.21642032694796137,-1.1232587338210773,-0.8375412587978118,-0.5763546728215392,12,92
-0.42101752770254086,-0.09164472582139183,-0.5124000480674692,-0.6115073750000027,-0.20401647083369023,-1.1487507791389584,-0.9236733965007968,-0.6863545429062468,16,20
-0.16561797093988845,-0.06473598586584486,-0.21105169246817332,-0.3233468595762397,-0.17358914070159584,-0.961292836490898,-0.6376166803604016,-0.36118464654751287,8,82
-0.2627896099966511,-0.1204103743782787,-0.3394183239819519,-0.4759495022891575,-0.15033626526374966,-0.9923111606746577,-0.7413083825781773,-0.5014291561045943,12,28
-0.3717338015666001,-0.16031769153521505,-0.4636931668442301,-0.5601895425574747,-0.15579225210808306,-1.074205384037438,-0.8517637541747943,-0.6171646195565028,16,35
-0.17213909170764832,-0.062066500142817047,-0.22815082554036428,-0.36055767774711023,-0.13448651991518928,-0.997004948641991,-0.6688503855921593,-0.3983866792343668,8,35
-0.409792116733312,-0.114312022482139,-0.5107061791556715,-0.6466029179301904,-0.229513146316144,-1.2239854203711398,-0.9679668880703776,-0.7145463364784712,16,90
-0.3980107845865291,-0.09654970155180595,-0.500218331418678,-0.6207303931044059,-0.1974451337629588,-1.1780912338159106,-0.9443271883583259,-0.6887682195340924,16,5
-0.09942167849075904,-0.01861241324913001,-0.10267857277240684,-0.1231150500226628,-0.06508602020603972,-1.5527126474954416,-1.2215980051968396,-0.9288741990108249,4,37
-0.36892000741750575,-0.1351457126602432,-0.46147178514451004,-0.5551635996033312,-0.14945686201301037,-1.0679351706821703,-0.849854173039356,-0.6177772810718275,16,64
-0.15871098085724966,-0.06235887377606669,-0.21734719564675317,-0.35560113235125757,-0.13991385818560814,-0.9487399357588524,-0.6268515375385937,-0.3745649480648507,8,87
-0.1776871244389557,-0.060102410406875716,-0.22334856548539175,-0.30065363793264316,-0.12388302679081084,-0.927413355233951,-0.6167497644641412,-0.5956181204629591,8,14
-0.22558992778082673,-0.06000783425224303,-0.26384869309031145,-0.34700867914589617,-0.12361996574635024,-0.9900988529572953,-0.7020561510161495,-0.43810644985008196,8,7
-0.31329257509973446,-0.15773298778778103,-0.401429086662435,-0.4951179926934255,-0.12911958097687562,-0.9799069672133554,-0.7716991678993339,-0.5548812338688958,16,39
-0.16826312981565072,-0.05338257223925477,-0.22290275506931903,-0.32271135864831013,-0.13060779705924982,-1.0286842913885457,-0.7042172259323088,-0.3890366283372307,8,5
-0.11862224502609564,-0.01317694609717511,-0.12725962955514103,-0.15481175343572676,-0.07329190749040539,-1.4229238482027333,-1.0875665944612234,-0.7982080854013345,4,44
-0.2825094947903669,-0.09803744428765168,-0.34752189780838727,-0.5183581965281554,-0.17441581116487265,-1.0801906871306222,-0.797020412358806,-0.5461744842280051,12,42
-0.08822017379081558,-0.014357947871750749,-0.08990360111928487,-0.1342065718482217,-0.07510808657229294,-1.4261054028403974,-1.0711020450223832,-1.1331388407544543,4,100
-0.24778776552608933,-0.119978654389849,-0.31330610857148905,-0.4123451414955837,-0.13232073915104617,-0.9434693557836583,-0.7000618116328325,-0.45990907077733334,12,27
-0.08389399752795783,-0.011415691777015805,-0.08984913412661794,-0.16084956148732407,-0.08354929699944061,-1.585802545721366,-1.2384071303719115,-1.00653999046389,4,85
-0.06464250507359504,-0.021439797041586682,-0.06209303005571702,-0.10202869280745486,-0.052828517633656334,-1.4674080592732723,-1.125924072145387,-0.7677999023018173,4,84
-0.08473540963989125,-0.023608410525469154,-0.08503812088249359,-0.11702663655610394,-0.06521569799850538,-1.5044531974237647,-1.1651754588861083,-0.9480264168456678,4,96
-0.11459190428526196,-0.017707204847274255,-0.11316185118379897,-0.13261215473097332,-0.06646666560184668,-1.3045195730430315,-0.9687847094961987,-0.8021614124036196,4,92
-0.18994118950629,-0.041061781671297225,-0.2541752915436024,-0.3455197422116831,-0.15836783729825107,-1.1056513574406726,-0.7990935325906008,-0.4039307956936478,8,62
-0.1889498375326068,-0.05575058063358941,-0.23959813447417813,-0.34619216588139773,-0.1885501879231384,-1.0498252755943094,-0.7447597236277512,-0.44139176823294607,8,71
-0.18093954160101663,-0.06586535606388479,-0.23888481232836262,-0.3284670528225486,-0.12852362051015587,-0.9648210629466141,-0.6504484974601449,-0.3683670334309481,8,64
-0.06873641925525248,-0.017941167054867778,-0.06678684042882317,-0.11485019512243938,-0.06562315764674591,-1.423246117339368,-1.0594968632944501,-0.9186390830082282,4,38
-0.18182125138357974,-0.05520549654148057,-0.23309099219358576,-0.3469241055857888,-0.12999111505000924,-0.9721138663326391,-0.6902093472346039,-0.4006484492889536,8,10
-0.2095583288246022,-0.04625037227052354,-0.26983168440825567,-0.36127331407564806,-0.1649231042358677,-0.9780623553492167,-0.665040726199039,-0.3753505131359903,8,38
-0.2972273230407203,-0.06355524174911341,-0.3929709777519819,-0.48865771021570903,-0.15905413134093307,-1.0101510473815518,-0.7667745120556901,-0.5266168252442842,12,93
-0.38590646575357124,-0.1262956951266335,-0.4688375532487183,-0.5976423016084971,-0.1831833297187026,-1.1287105927348553,-0.8960925351786042,-0.6539755770353701,16,50
-0.06730648523064316,-0.016773346437233445,-0.06694318383048974,-0.14787598396136775,-0.08381684397338077,-1.5452980076272669,-1.1925486567576344,-1.180184185190672,4,46
-0.21308312198022392,-0.059456056192768836,-0.249812437882213,-0.3048318172316128,-0.13662694677395842,-0.9609399650972849,-0.6641873295800098,-0.3553516896036568,8,65
-0.07455790656558174,-0.006053827161547242,-0.08234653055235447,-0.13398647302892847,-0.08853893243941349,-1.6252480987470392,-1.2583844724130542,-1.090914882300724,4,67
-0.16300513179305234,-0.06986928953549383,-0.21573459829715697,-0.3303438573478976,-0.14803427785091247,-0.991955012773054,-0.6909152119749616,-0.3654688092026369,8,12
-0.17824309547542969,-0.06827422697019392,-0.2281081608245006,-0.3291968268608442,-0.13820019090884705,-0.9541254735752236,-0.6600811233321895,-0.3644186399383152,8,69
-0.10683487131071519,-0.013493345276125708,-0.11032875687229926,-0.1401650768647941,-0.0826194290188387,-1.292324602223558,-0.9514231990568071,-0.9620753059543724,4,59
-0.22628501391734057,-0.04365931241941472,-0.2798537082401149,-0.3727972805243746,-0.13289007909828393,-0.9823965419033693,-0.691320561256173,-0.4028946179033655,8,21
-0.36287225029553644,-0.11725702520888118,-0.443994722529025,-0.5357686261208531,-0.14219966888934993,-1.0443417391919005,-0.8247670861314504,-0.5999586934523143,16,51
-0.3235484452049225,-0.09376841334915094,-0.4113541998449854,-0.5149428570183859,-0.1915994548549142,-1.056260395216293,-0.8109818109155751,-0.5636859462820903,12,31
-0.09898536699930695,-0.00870088815234606,-0.10804632621184339,-0.16070186167565545,-0.07672079885976366,-1.4794565785180556,-1.1166894238617866,-0.8807385132139708,4,81
-0.1076898653956695,-0.02002859830062048,-0.10492701251177308,-0.12277480203699179,-0.08335732890246146,-1.3303951457126932,-1.0230062126295192,-0.843084374465541,4,9
-0.268258359361202,-0.08048869698687475,-0.3464177458792634,-0.4876539370420793,-0.16275396198278058,-1.0811642086591031,-0.796756735158491,-0.5343553450611513,12,55
-0.12048996670589744,-0.014824229833833275,-0.11965373412683877,-0.1482645496649711,-0.08063766812692727,-1.4392130783120807,-1.0942902438026176,-0.8960044989379117,4,32
-0.28963071663732765,-0.06797503368619144,-0.3681766209393791,-0.46372276688597225,-0.15748281368596706,-1.00890438018073,-0.7654513447479869,-0.5165360353138831,12,38
-0.2789808714412537,-0.09997100128953719,-0.36691882423758054,-0.43505101955435105,-0.14457052496433692,-0.9741776522457164,-0.7340822320963065,-0.5125177312274134,12,67
-0.18696441055342217,-0.056849486898317945,-0.23777193853793832,-0.3316889486249871,-0.13614131107955113,-1.004255811609271,-0.7213731569158119,-0.39938223269781614,8,53
-0.1126112487362581,-0.016309443215413822,-0.11616857661948109,-0.14760786860149228,-0.08739668659794103,-1.4002809781905134,-1.0675851734497928,-0.9400735327803381,4,65
-0.35508094680582897,-0.14058963353925533,-0.43702621880464687,-0.5425809912570512,-0.1506250928442737,-1.03401750932979,-0.818469597367169,-0.5995770737045774,16,99
-0.24946726859609522,-0.10244283540918028,-0.3257089257433611,-0.4273213003167392,-0.14150500450759051,-0.9229246841359038,-0.6822386749783341,-0.4557796538297299,12,12
-0.0870226458251895,-0.013889154990385389,-0.08511277641591389,-0.14061945842528747,-0.0967467479503403,-1.607570238124948,-1.2263810427095496,-0.9576302213140128,4,19
-0.18531665201735692,-0.05927737058930435,-0.24057908038543183,-0.3291646110649607,-0.12574199636877958,-0.9446494916968573,-0.6675360160541335,-0.449141565350433,8,36
-0.3154566623540252,-0.14699043832777942,-0.40277936030652184,-0.5337196701313605,-0.14977844590037903,-1.064444558285666,-0.8207993362933517,-0.583823155892878,16,92
-0.1747056384308601,-0.060728466019957336,-0.21923944294705347,-0.3427274726000495,-0.1394305155386382,-0.9898390417073853,-0.6789854188331647,-0.37482582760445815,8,6
-0.2695028649019977,-0.08740787724734003,-0.3521107121478355,-0.4637955312962896,-0.14986919232664794,-1.0145439843685977,-0.7558545056787969,-0.5155860826256318,12,70
-0.3594269175455348,-0.13203789004950608,-0.4506471772453411,-0.5275562102292577,-0.1478191244123761,-1.055184066820915,-0.8367443127849259,-0.6089068949216412,16,16
-0.1842323892571665,-0.05590641560955212,-0.22666651697211784,-0.3624894795559994,-0.15742462459753215,-1.0149921694297888,-0.6896504604312329,-0.3880200092212367,8,20
-0.2659599303483215,-0.10848384078444741,-0.33302253800817694,-0.44653785777742516,-0.1343637661893519,-0.966286517849234,-0.724751811186438,-0.4848275732204579,12,75
-0.1549308436383208,-0.05176606583263079,-0.20601962990828174,-0.3356071335747907,-0.15034495750603816,-0.9898765189754317,-0.653099665014144,-0.35728823094414874,8,50
-0.12568821250301518,-0.014568250152995154,-0.1228786746374723,-0.14481186117586287,-0.06652772515914354,-1.296467881070102,-0.983688720470676,-1.0848507948601087,4,10
-0.08715183463651811,-0.009738660264907417,-0.09460812234892899,-0.15127925153285168,-0.09671295851727983,-1.6399340654680354,-1.290960014313935,-0.8580239322981251,4,34
-0.37666352324559343,-0.11606917731721765,-0.4747751485881345,-0.5931552353488614,-0.18452011217699146,-1.1424908235416629,-0.9019665848968901,-0.6540265903369187,16,86
-0.18198188730660936,-0.05120455247288329,-0.23535322764680397,-0.3255129575664826,-0.16882636626145692,-0.9570815608063636,-0.6478106819147367,-0.3959023994175702,8,27
-0.38778978967020816,-0.13436088191274245,-0.4790713482266365,-0.5919224581019893,-0.18332716214429498,-1.1022162848386252,-0.8848133025544567,-0.6507289392547284,16,28
-0.10634210405957585,-0.004866669428325805,-0.11259007878923732,-0.17684793246608926,-0.1105986737484212,-1.4068722444298045,-1.0486331776228086,-1.0074996273193488,4,40
-0.25930715048789615,-0.09749791714965639,-0.34740844597443876,-0.45634998928617276,-0.16101252805442465,-0.9704721704585949,-0.7229975236137974,-0.4865115234160085,12,91
-0.2311823672664073,-0.1279213577875459,-0.30574294854574485,-0.4501995530731145,-0.13608865858092878,-1.0051710557387479,-0.7236251959707144,-0.47857943749550036,12,61
-0.2644402900456873,-0.11358816540773561,-0.338164890329656,-0.4427184401393913,-0.1395966133883477,-0.9383721685884069,-0.7112788700553435,-0.4822386737955436,12,69
-0.22637763352110357,-0.09122541252280751,-0.2923624755733692,-0.44127949719587783,-0.143390223971931,-0.946468353792982,-0.7016744400065026,-0.4638562089643555,12,100
-0.12566772616826338,-0.014823101696538835,-0.11706629725517927,-0.14956691710169007,-0.07984882419622108,-1.415880246796964,-1.0642742688540265,-1.0374588949227832,4,7
-0.21007639002249606,-0.037255392381842875,-0.26778508364859593,-0.4300315395961753,-0.20088557277600896,-1.096273789196631,-0.7616262302500967,-0.4987669601003353,8,54
-0.17504718995030663,-0.06313396529880301,-0.22137813490918054,-0.2913875968042255,-0.11812278531822595,-0.8711704690117529,-0.6124066840014052,-0.447736160531894,8,28
-0.293675804662901,-0.08507439225452723,-0.38108329972048854,-0.5001480724004691,-0.18784915963135884,-1.0621917129384337,-0.7974303990633005,-0.5447288886658135,12,18
-0.26740628426842333,-0.11395284982690325,-0.33555559452722994,-0.4529210581027486,-0.16614487953556636,-0.9541742165275486,-0.7124924568401994,-0.4927775162700517,12,36
-0.1739614637004552,-0.05216013546738287,-0.23032817209922735,-0.3402659043279393,-0.12387555939752835,-0.9922684901223487,-0.6894968971667325,-0.37058979933991115,8,9
-0.2901864188878729,-0.08007826731785803,-0.3731364683290013,-0.5013531335865772,-0.21072597293570752,-1.0982443928919734,-0.8223691659773035,-0.5558036301965351,12,82
-0.39244700879237926,-0.09167980568205755,-0.48807351949605016,-0.5900981637643434,-0.17817613295147958,-1.109905922682956,-0.8784975632179823,-0.6403722968414609,16,94
-0.11919474013177629,-0.01833558964339604,-0.12179305238475709,-0.1446786542307988,-0.08025577455348759,-1.4536214080142984,-1.1146617183139764,-0.8486063090506136,4,64
-0.3138150504215336,-0.14014944892914002,-0.39182296613566375,-0.47774034964976436,-0.13163998692900725,-1.046355984784469,-0.805368144153252,-0.5669013223551916,16,87
-0.19732404921733177,-0.04170597337688035,-0.2563507203987474,-0.38880114019775547,-0.16876130884914226,-1.103359084551944,-0.7712322058540397,-0.42029085001706823,8,99
-0.3653645436631852,-0.1398862250255698,-0.44739037553770244,-0.5233429086298212,-0.13714515990669324,-1.0091288960801863,-0.802383841393053,-0.5922816859931882,16,49
-0.12565236398631607,-0.02044049034815093,-0.1170428879144361,-0.12277139371104759,-0.059069674079827064,-1.2219623171642953,-0.9195118829909756,-1.3158218477586077,4,48
-0.38919161962493953,-0.09249698498307549,-0.49752342800486815,-0.6757901765860542,-0.22573738970505652,-1.3101433656861141,-1.0305375818672722,-0.7470204836468866,16,61
-0.16124358442912295,-0.07616456931692431,-0.2145071100263363,-0.3047162546713247,-0.10559377062817152,-0.8858357635604966,-0.6070582637659511,-0.4165943749178071,8,84
-0.1157065876406964,-0.011002843543450455,-0.11691746170092907,-0.17191289135443324,-0.09128303879538104,-1.5294874134607648,-1.1871606473940957,-0.8628693245225222,4,61
-0.10465686553275805,-0.01805023463105633,-0.10077852995931383,-0.12818792453789615,-0.09320328320364309,-1.4674963127198857,-1.1420771067511237,-0.9597567176273585,4,60
-0.1748762710870542,-0.07422624325746298,-0.22973917246389358,-0.33334946386423875,-0.1388901269421897,-0.9956134491640396,-0.7072939739906405,-0.3238019816109534,8,86
-0.29938454069446063,-0.08856586867026135,-0.37154024171968897,-0.48044317897045435,-0.15354779935184132,-1.0421394864241802,-0.7955829400715867,-0.5445304298830692,12,87
-0.33472050470878845,-0.1137693701289638,-0.4167113237122929,-0.5219872214086732,-0.15818585201093502,-1.0608617361132602,-0.831910781854302,-0.5940744503921864,16,79
-0.12227220342474836,-0.01567527035046579,-0.11933079265566873,-0.14699779365511204,-0.06855712858265525,-1.6522725303086583,-1.3076137762611815,-0.8143893164856211,4,50
-0.4164487619581282,-0.11497545348608626,-0.5152048929633792,-0.5802862875873893,-0.16971564384131185,-1.1247731124634235,-0.9017563425204325,-0.6663431251515578,16,75
-0.1924835584926127,-0.058589985815697146,-0.23908245865237926,-0.30655595911535266,-0.133352378194851,-0.9592900661896626,-0.6698719362577893,-0.34905554101933817,8,89
-0.2739265713620464,-0.08280884170695277,-0.3505234580604508,-0.4703655451821722,-0.13954175710534364,-0.9817923706075228,-0.7307212751849333,-0.49291535070483067,12,73
-0.41880204171068547,-0.09286117458427612,-0.5193042517690719,-0.5879569036381829,-0.21218151817742156,-1.099282936019778,-0.8916674491279896,-0.6615765881623741,16,62
-0.10425320820282472,-0.004958144708590805,-0.11306147774832337,-0.14233387988395932,-0.09196558496524736,-1.5221039458862278,-1.1782977605252902,-1.0600744933929733,4,36
-0.09351525202190883,-0.010985798590443057,-0.09319932769885807,-0.1414258464329291,-0.07450049305946954,-1.3467357508816198,-1.0219002478813646,-1.1463045923755133,4,79
-0.3415856465406684,-0.13196875357273047,-0.43044086694421524,-0.5496316773570352,-0.1606837188075339,-1.1514899785825765,-0.8976201830661378,-0.6460188960020803,16,8
-0.3340155574988387,-0.14166795010499988,-0.42518240001671437,-0.5306470969716625,-0.15000984624089664,-1.0497898843760645,-0.8139236801657858,-0.5851136991843662,16,58
-0.08092261314180407,-0.018811254866250467,-0.08341547495495977,-0.12430861466325897,-0.07911556521259681,-1.5725783903037898,-1.2278227086574052,-0.6830116554968875,4,2
-0.08177212717901798,-0.016947557876383464,-0.08073936793030759,-0.11557807339876955,-0.07158655577249745,-1.5438567691426628,-1.2092555046046862,-1.0134920867009338,4,58
-0.29870132702598406,-0.08678849676914942,-0.374751471612543,-0.5048133256999786,-0.17709341987766403,-1.0429939101418584,-0.7796447236298863,-0.5838300116954831,12,9
-0.24648841703555513,-0.10915246723693149,-0.31069697519818334,-0.40342206948875853,-0.1096427325247983,-0.8930677154037994,-0.6796351831006429,-0.448895154596695,12,45
-0.3939138828813189,-0.10702700122498246,-0.48950734033959736,-0.5916546302901677,-0.18802659160717952,-1.119414476871088,-0.8913386329424664,-0.651277237199823,16,18
-0.18037390445532267,-0.07461104740038943,-0.22278992581656837,-0.303922571533898,-0.12337021639478027,-0.8998695991509329,-0.623138940532104,-0.3589602962493059,8,80
-0.07023203126841829,-0.01689954586995749,-0.07119392732696765,-0.12139759688363098,-0.07146452922638177,-1.583137172837583,-1.2250050086704087,-0.79168351197211,4,24
-0.281425660310669,-0.08373423903697046,-0.3630535482167387,-0.49902179020358883,-0.17835808220446098,-1.06043369606827,-0.7944954823917387,-0.5314518357089244,12,53
-0.1053070175107457,-0.020784286802962158,-0.10190636138354363,-0.1085221646653947,-0.06130257200877176,-1.4994140543670769,-1.1484792704032911,-0.9675596303241336,4,8
-0.19884395310819938,-0.07146653937167925,-0.23400360590352892,-0.2855974218321496,-0.10623724446429529,-0.8151836892442252,-0.5396524852354414,-0.3011311241391852,8,83
-0.3270886660181666,-0.10756336466311128,-0.40484944699168257,-0.5249345417507739,-0.13331009207703634,-1.0779633591697488,-0.8351019161147305,-0.5953088130859387,16,53
-0.23553874852388607,-0.11275817253842212,-0.3111169840720483,-0.43586185353072887,-0.14445310779979098,-0.9664558200615418,-0.7165164071694768,-0.4797197027255114,12,58
-0.36219789384142864,-0.11376457738195066,-0.46243116876760215,-0.5606387941081662,-0.15853408573348415,-1.0567447859354826,-0.8380350383815118,-0.6032212447106194,16,63
-0.2790872596116369,-0.09566235967209152,-0.3486679677050043,-0.45778517844400063,-0.16021105892120796,-0.9764920307570562,-0.7303569997976312,-0.5005585043344564,12,10
-0.3407616509885838,-0.12199056628188192,-0.4278636768830533,-0.55886229238786,-0.18081145331689946,-1.058576648298118,-0.8393923439564946,-0.6123426383025423,16,97
-0.2980110038800432,-0.0922670860854135,-0.38754069445404377,-0.4418948809622007,-0.12246182280557244,-0.9539336469528893,-0.7267557600008867,-0.502510849074922,12,39
-0.11327111992900166,-0.010771742323567278,-0.1146736398903107,-0.14942909183673622,-0.09421730358087407,-1.3646761881776477,-1.027031381177324,-0.9284646975340782,4,75
-0.08975903500457756,-0.008111402482295596,-0.10243385426783783,-0.15600133848467945,-0.09464484488545905,-1.3922281797379372,-1.0299070701869841,-1.3352584738549245,4,41
-0.3109155761277356,-0.08825512746776104,-0.3968492408081987,-0.5028477599309181,-0.16580345291034246,-1.0618334332352106,-0.8003922346059915,-0.5556453230660823,12,97
-0.1060853038084839,-0.018473694468905573,-0.10269321179240577,-0.15539484834559497,-0.07999097433650572,-1.3054114434548578,-0.9775209777794711,-0.8066266386467064,4,16
-0.10267287434503833,-0.01362072353366672,-0.1129778199882379,-0.15090492127591448,-0.06835654287141509,-1.4230712125214906,-1.075244956259341,-0.7783481861266771,4,78
-0.0881951853278766,-0.018136187907447,-0.09000309923277063,-0.1352195495561634,-0.057881814331971565,-1.4729481640630235,-1.15790499822904,-0.9234218021928601,4,53
-0.08848104811729095,-0.010534873721440073,-0.09339738555368504,-0.1575636998880123,-0.1053366950800457,-1.618404960754504,-1.2565715842964187,-1.1019822172883214,4,98
-0.27856543029286235,-0.09558082304099443,-0.3593633619770565,-0.4684453052289767,-0.153020449895378,-1.0277571041910873,-0.76550299657208,-0.5159319450615342,12,15
-0.35538445615280484,-0.1468471703703033,-0.45679229105252567,-0.5741718395164025,-0.15923428288211927,-1.0762903924714802,-0.846127493922308,-0.6057564718920163,16,31
-0.09620853754436362,-0.008640075368567077,-0.09837234579714352,-0.1546519939292126,-0.09740261665347916,-1.4579837486054796,-1.104845127407399,-1.116829469749791,4,91
-0.3226344358949372,-0.07082474751577132,-0.4065535350927972,-0.4926031816078724,-0.18343692730656055,-1.063152464022162,-0.8039854780075268,-0.5543985196894312,12,49
-0.07848830656729555,-0.01199749892408262,-0.07647723922913763,-0.12482634653526203,-0.06591004712903921,-1.4770832012365465,-1.118909391583312,-1.0815991299861065,4,57
-0.23714021252335948,-0.10845320226100306,-0.30262140218563416,-0.4139184169505232,-0.1182231846042843,-0.9846232073852289,-0.7505697281477587,-0.4477462358942525,12,19
-0.40820154344561543,-0.09132549519259746,-0.5073528171042148,-0.5960840339972824,-0.17528691488152992,-1.1322936721111245,-0.9181029276111317,-0.6820500171628335,16,29
-0.2295923738921647,-0.1260348043571875,-0.30386994653958915,-0.4033692646140769,-0.138482086006865,-0.9249475501814561,-0.67679945365518,-0.45108086827552507,12,72
-0.2549062131465108,-0.12164940185966071,-0.3255196265666622,-0.4518108451157984,-0.1451101025828864,-0.9617387715134246,-0.7098507416348114,-0.4785050934851083,12,3
-0.24186848109747075,-0.11363018268679106,-0.31606488158228957,-0.4079355597173173,-0.1345562611189281,-0.8974384879281384,-0.6771989095096446,-0.44828240443962203,12,99
-0.08602443181238077,-0.012194326644577532,-0.09274592859761337,-0.14674330454176868,-0.09109515362802087,-1.571541150869693,-1.2072162521869407,-0.9789410397163878,4,33
-0.2888526917503816,-0.07703282866052971,-0.3697005209518409,-0.47890224092746253,-0.18091726885723433,-1.013884722465068,-0.7722673571286228,-0.5309755843755517,12,37
