newman,newman_leadership,higher_order_newman,higher_order_leadership,spring_rank,spring_rank_leadership,page_rank,page_rank_leadership,point_wise,dataset,rep
-1.2588127665835147,-1.155682851399208,-1.301510245142075,-1.1547315164473424,-1.302652492662698,-1.2250528427750955,-1.4915739986229617,-1.375742381409503,-1.3550063224385398,58,19
-1.160240317563631,-1.1503986687714738,-1.1575614840816169,-1.144793317394229,-1.1699249913448988,-1.3465891624698827,-3.2332289056287475,-3.137176913053691,-3.830280979145132,104,12
-1.1445565691135433,-1.114103255012189,-1.1457531525305626,-1.112035858066331,-1.1579664101436289,-1.1402794246131347,-1.224873692268982,-1.1914543654985834,-1.1720389330481742,8,9
-1.3984730635148763,-0.7860188855263412,-1.5769744777757586,-0.8093863878785196,-2.119735946332066,-1.42043419595303,-3.477044597060192,-2.665822917584397,-2.2114137254433133,42,7
-2.4014954517070386,-1.509202589740964,-2.6383016003549886,-1.518436982230266,-3.750952827812493,-2.1385304061085506,-5.553483893550527,-4.338717753197758,-3.8005829169616714,45,4
-1.393183567070254,-0.7943834641143572,-1.5517495203406309,-0.8275300900582184,-2.1122402097351936,-1.4235511814150132,-3.4822128541367388,-2.6680246217968184,-2.2125338254112994,42,15
-0.925642478874914,-0.9238597659983572,-0.926483270071506,-0.923910805635308,-1.7877078134456632,-1.632799470732064,-0.9857422743793056,-0.9733906630998292,-0.9728491217667332,18,10
-2.386241418140376,-1.5322495135764127,-2.6135550368589664,-1.53927137249197,-3.75603921061051,-2.152168922990114,-5.591908585672893,-4.343765040024516,-3.8044128073577848,45,16
-1.685659282996556,-1.8650140884853488,-1.6888028609104877,-1.7352930707936438,-2.586058602408053,-1.9507445784659332,-1.8009087964412689,-1.7674750907520422,-1.6411080545865122,38,15
-1.2197446942944894,-1.213998215147417,-1.2224601452763315,-1.2137048524211331,-2.105769421795723,-2.112622801747812,-1.5567757385674728,-1.483411108600572,-1.3148539151117262,25,2
-0.9231569872777556,-0.9213907666925444,-0.9239865186096186,-0.9213837419647548,-1.4232418192377692,-1.584741752796678,-0.9880568637046616,-0.9754627396637452,-0.967748914225883,18,9
-2.480318432534665,-2.1159590159057475,-2.609664748482998,-2.140138381792876,-2.633775170672841,-2.3627552853155684,-3.3330289736252605,-3.246473633983111,-2.775404657107364,52,5
-1.3910792753977543,-1.3894905887015174,-1.3921732270022449,-1.389447932315105,-5.363207621882197,-4.966854220133188,-1.39048590248181,-1.390357070189726,-1.3901634265734977,28,4
-1.248907929658832,-1.254432274350327,-1.2497355491375233,-1.2540316983709838,-1.8771238031522584,-1.9540671360156336,-1.5516702088867786,-1.4806821319713035,-1.3214066868649237,25,16
-1.244579851044836,-1.2140706055032602,-1.238964499240003,-1.2010451626993548,-2.201803722811377,-2.1854590175794533,-1.308640134700718,-1.2305350378816278,-1.2054221192304797,30,16
-1.3716388881304449,-0.8088661811478695,-1.5381632669211571,-0.8369529204470689,-2.103575080195615,-1.4283870656918167,-3.458567449763182,-2.668713808090804,-2.2132447070616617,42,11
-1.0874780936648536,-1.1115319266997576,-1.0774730347618584,-1.100080841968365,-1.137965670722587,-1.1366778066888228,-2.7984798671374387,-2.692622113360788,-3.0703937877248086,104,5
-1.351426464076374,-0.7742929429837926,-1.5167539312137497,-0.8002018085953149,-2.111570234224708,-1.4210370691484395,-3.5035571527210165,-2.672296629526447,-2.2078960243875603,42,9
-0.8606829392735708,-2.489927733288816,-0.950570468495844,-1.2470299109831335,-1.361655764627366,-0.2859885970339243,-2.987704018935221,-2.2036751285089813,-1.6839245593721537,9,14
-0.9215935283382072,-0.9190982467176992,-0.9226280078892104,-0.91917498921519,-1.391514322314735,-1.5804629034762785,-0.986927364035601,-0.9729397660203202,-0.965878753119972,18,15
-1.9914693644717705,-2.071527083684405,-2.0169717130487,-2.118480130160915,-1.9829475294824328,-2.0088897299115573,-2.727741439820056,-2.428336269973073,-2.171004311700824,12,11
-0.6774315484721499,-2.0186284420135303,-0.7405443550150218,-1.024588950795406,-1.3088170258710852,-0.3526886485215671,-3.202685968462165,-2.235488942610444,-1.6679741538344544,9,19
-2.444474196503022,-2.339493326906142,-2.5093248187375767,-2.338414686204611,-2.613048203133483,-2.4816425850049284,-2.8263224534815623,-2.6318947743397416,-2.646635324233356,53,8
-1.260517449272578,-1.1571682058489772,-1.303375254649019,-1.1562287554506665,-1.3037728857077595,-1.22704956997205,-1.492249647850734,-1.3765048231988746,-1.3561198689050755,58,7
-1.02674975635667,-1.0421660486935,-1.0327540017197026,-1.057681081295406,-1.0445909964969544,-1.035755037014863,-1.2959961546209573,-1.181995314286251,-1.124983383447967,30,1
-1.6697236259665815,-1.627573797921036,-1.717657055535048,-1.6797976485041088,-1.8764074818455327,-1.7844845124565751,-7.721018803907905,-7.294928402962461,-3.7159557380087738,100,15
-1.2585300990660369,-1.154868111421132,-1.3013303976368968,-1.1540398093115112,-1.301555803839192,-1.2229557846322636,-1.4913796747375778,-1.375346879238407,-1.3548581053074422,58,1
-1.812620221330044,-2.1575091453934947,-1.7837660660255636,-1.939017442790793,-2.1267746724883985,-2.1321869229018477,-1.7490116761451429,-1.744822283963409,-1.6958165924218562,38,12
-1.2054406210581854,-1.2197348009222542,-1.2201198221430758,-1.2088020737512446,-1.4526845595378384,-1.310989196950071,-2.3808049086272565,-1.9757275257561635,-1.5574804400571325,34,11
-2.460716606348253,-2.089316461432165,-2.588491143455553,-2.094627301734353,-2.602441351893052,-2.290400898485482,-3.1111130806413207,-3.010390951380573,-2.7346781284753683,52,9
-1.2589697971691949,-1.1559965546323052,-1.301740190652711,-1.1550649986120771,-1.3021223208892456,-1.224581425604676,-1.4913013309858878,-1.3754127006281829,-1.3550896098700111,58,5
-2.374425468960703,-1.5177604465186934,-2.6006415057323404,-1.5315469938888977,-3.7588723579739898,-2.161906582489752,-5.602049277951687,-4.355697583358422,-3.808669494246047,45,3
-1.2275473407521948,-1.203575427513494,-1.2036488586743244,-1.192354313655104,-1.1974961877292774,-1.1840300371058814,-3.189067110632256,-3.067133138190764,-3.355275714185695,104,20
-0.8920246848649062,-2.5690491658602275,-0.9760656044589696,-1.2835839026340354,-1.3798241730643397,-0.2749665571338244,-2.949699027899329,-2.1983728261587374,-1.686925239506597,9,5
-1.9298785230085536,-2.0041532604179144,-1.9189515174158192,-1.8560149406866029,-2.006345536154843,-2.086273912284041,-1.737698880379149,-1.7759778160832067,-1.7045673860704778,38,2
-1.215903689352425,-1.199956178844023,-1.2206790812546973,-1.2002040960623024,-2.2144869466445334,-2.211663522843743,-1.5597194161675445,-1.485752920680837,-1.3128196928612563,25,10
-1.748581476341826,-1.7555295398834805,-1.7207240766754663,-1.732593313981505,-1.904092164361561,-1.835250615751112,-6.884053435271496,-6.489534429628508,-6.207976543940088,100,7
-1.141501392474071,-1.112512151261858,-1.1430149955786035,-1.1111688678778824,-1.1538748208143164,-1.1405799495876794,-1.2248173968267195,-1.190715514839935,-1.170583715831797,8,15
-1.14951806760233,-1.1227550612262478,-1.150639505310949,-1.1206828567535,-1.1622157434679683,-1.1545151097532684,-1.2322782462854505,-1.1983112701263532,-1.1781297318907962,8,4
-0.8210005476215912,-0.8955520240407397,-0.8294583851904392,-0.8859214577109155,-0.8327146751550969,-1.6830863698579188,-1.1648316873096265,-1.1018749662870182,-0.839618276243283,103,20
-1.3907185263671655,-1.3884388743414764,-1.3919780271124829,-1.3883990550347778,-5.370099837692514,-4.918865364088858,-1.3900104328521492,-1.3899508798266855,-1.3896837860831257,28,13
-0.7095002969277437,-0.7105137896141397,-0.7263479842496295,-0.7403456891354219,-0.7368931539268987,-1.2462530516604846,-0.9451162266702948,-0.8668546425446029,-0.8203944719600441,103,4
-1.2592797762306684,-1.1562920187744825,-1.3019790821697224,-1.155416756361586,-1.3024292395656625,-1.2254561571567033,-1.492225770330467,-1.3761702555724764,-1.3554852668925963,58,10
-2.174772787730944,-1.937517875836417,-2.274712510123817,-2.007627989945658,-2.206990719825697,-1.916122653726245,-2.633532175464189,-2.428336269973073,-2.2472085870850824,12,4
-1.2133179657209787,-1.1964930157181448,-1.218849271399962,-1.1964276184520837,-1.8825777518595568,-1.8447572320296,-1.5721837855348493,-1.5025322938359285,-1.315096304290711,25,4
-1.3934081906890383,-0.8100737316523339,-1.5612758906882689,-0.82577178568327,-2.1152611010411566,-1.434706364530448,-3.460904811772809,-2.670682858827366,-2.217217041548364,42,14
-1.226424448723896,-1.2193604433438372,-1.2299287249613031,-1.2192047571972195,-1.866695624603164,-1.876894817481843,-1.5550963413708596,-1.4862364588364472,-1.318001665723051,25,12
-1.1973903237895571,-1.220682857975718,-1.212215786271049,-1.208076746136056,-1.4723851372750831,-1.3370410626627256,-2.431372974097634,-2.034408151770113,-1.5499746694216807,34,9
-1.7343581471269942,-1.8583113863435157,-1.7307188004619332,-1.788083435716488,-1.900890007810064,-1.8488062767589672,-6.813679437413184,-6.435350901044224,-5.705891618727716,100,14
-2.481944586297741,-2.004797136336295,-2.600880878616492,-2.0295518779705697,-2.6167894958404645,-2.388405768050418,-3.2462576365018654,-3.141694242690642,-2.7609517729475543,52,13
-1.3919895778806737,-1.3898311580670368,-1.3931059781310693,-1.389680099522845,-5.376997341632896,-4.978242727257696,-1.3908025019335766,-1.3907891143355473,-1.3907670760346476,28,3
-1.841662529814284,-2.0068024058446854,-1.8552365231735723,-2.0563379337114367,-1.8945107184240983,-1.9731637865444749,-2.7971663348705,-2.4283362699730726,-2.1256033139975536,12,7
-2.431570155668842,-2.3675250086985056,-2.390305741270489,-2.416615604585522,-2.377723055589595,-2.1573787698400064,-2.6062331687249887,-2.428336269973073,-2.3303621891212862,12,14
-2.469881253147716,-2.055328865590956,-2.599676306086017,-2.0612445150816643,-2.5969869754846924,-2.372711562151864,-3.174226370506438,-3.0847036711927847,-2.75312878042809,52,4
-2.4947923943960224,-2.167969475748978,-2.6207009933518126,-2.165558136038592,-2.6314351996620235,-2.442512370120597,-3.1575278505656508,-3.0627154500320155,-2.7655378873677847,52,6
-2.4902553496124145,-2.1335302622856824,-2.594563234172912,-2.125046207272156,-2.60777926102983,-2.33377917018195,-3.1930953940731093,-3.1053304304126845,-2.7385789706758663,52,1
-1.7624796626088834,-1.8860972313484443,-1.737774932452807,-1.793177600672438,-1.7050473085607354,-1.728308545486901,-1.6881988323341637,-1.7347806076435976,-2.37723676889883,38,13
-1.2413223992610276,-1.2371843100336677,-1.2433791193956756,-1.2370222476463368,-2.001880404535484,-2.023794258066007,-1.5693756287519751,-1.5037732615106425,-1.3224767136103088,25,17
-1.391067053269529,-1.388893737028016,-1.3923040444749877,-1.3888678527995522,-5.386994143064843,-4.893244338729737,-1.3903923908604288,-1.3902758328784994,-1.3900989533783967,28,8
-0.8034028386992574,-0.8279452551974313,-0.8102960380177621,-0.82935263277222,-0.7853391685359148,-0.8242258306769992,-1.0507896082303627,-0.9880111376983846,-0.8572956618431173,103,5
-1.1899928100760666,-1.1440523118799142,-1.1710613269172416,-1.1424728898690075,-1.1814704848080095,-1.17260044482994,-3.039804290189293,-2.9770811220912226,-4.325427696654231,104,16
-0.9350980360374964,-0.9730508588072556,-0.9352892295305912,-0.956697498509639,-0.948204129256756,-1.487239057601126,-1.214408771067068,-1.1820346663279693,-0.883669045450882,103,19
-1.7361980455810568,-1.8451373951489105,-1.7495295477583583,-1.7202448187526806,-1.7429965692991114,-1.6583488712505998,-1.6600899888078913,-1.6381738152811505,-1.6536904358249322,38,4
-2.125268070518002,-1.9112833121813129,-2.150685313223858,-1.9802621196733257,-2.092360120572765,-1.901062923500718,-2.7027527587126543,-2.428336269973073,-2.219296950214682,12,2
-1.258624140907173,-1.2588029298281451,-1.2614681267908547,-1.259224877912643,-1.6077164988016537,-1.6135417365061095,-1.3363485431624174,-1.3311966108719877,-1.323042432368025,24,20
-2.1644615997858745,-1.9112833121813129,-2.2536486030594465,-1.980262119673326,-2.2472658974920514,-1.9010629235007184,-2.6451634443788854,-2.4283362699730726,-2.252545363707251,12,16
-0.7311283175753936,-2.175037049656565,-0.8013424638756085,-1.0992720313693742,-1.3141350622778645,-0.3303498565398747,-3.138055174889617,-2.224884337909956,-1.671715035545691,9,1
-0.8357263283915012,-0.8637304954337541,-0.8235556046748186,-0.8471003840696376,-0.834551424191707,-1.0024533739876764,-1.0396357369829037,-0.9823498378523376,-0.8668916595258475,103,17
-2.458101627424832,-2.0802427161833066,-2.583972215168996,-2.0969185504860963,-2.5932118525516428,-2.294382857491616,-3.113634838425808,-3.0084641731836177,-2.7341631168192517,52,12
-2.4473077913593184,-1.600413323813419,-2.6814462202514617,-1.6072951276664809,-3.757736021905304,-2.165649615067636,-5.546019725037756,-4.347863757451912,-3.8115904965576295,45,8
-1.2264817502128649,-1.2113741536984326,-1.2314721335660272,-1.2114333292361048,-1.9863414568343305,-1.9816378267467976,-1.5453329451763946,-1.473863938543664,-1.3177448408350192,25,11
-2.4513458584377696,-2.347352360468759,-2.5151783737257203,-2.346612269336327,-2.6194838769706146,-2.479001159734361,-2.8288274735803465,-2.633823454202518,-2.6512324946042103,53,13
-1.258874074768954,-1.154710985685841,-1.301780406881176,-1.1537963116530534,-1.3022805077275528,-1.2257124441491414,-1.491731819342454,-1.3756082145841162,-1.3554088812186156,58,14
-1.3894600323595516,-1.3872484282429511,-1.3907166498780092,-1.3871931792686043,-5.422463254276672,-4.946652363574754,-1.3882015205009577,-1.388208323776333,-1.3882036447386064,28,7
-1.9463490723738912,-1.8707595923423008,-1.8766950479804645,-1.8155156029569757,-1.945606883044,-1.9123170719091664,-6.757262603747699,-6.4174635782065845,-6.216166388590655,100,4
-1.253770677162865,-1.2475404788855866,-1.2573984359706585,-1.2480448908104769,-1.7653322728556065,-1.7617581109689568,-1.3259673144790176,-1.3178001451384722,-1.3217600766339896,24,4
-1.1587552459430093,-1.1309261870309602,-1.172661754046615,-1.1198520366310964,-1.569077463470071,-1.3676729964502328,-2.465330698115842,-2.002152797368993,-1.53545054981691,34,13
-1.3882697866489084,-1.386812122716602,-1.3892884078858574,-1.3868256745366072,-5.273669921520809,-4.8858744809228645,-1.3884675589685669,-1.38814218415026,-1.387721814752373,28,16
-1.2368782737229649,-1.226103470777138,-1.2118675592185677,-1.2024787483769508,-1.188433523832897,-1.2084158676076893,-3.0464719616605307,-2.9258191688539346,-4.399274095758576,104,10
-2.4548438707501576,-2.056704444512569,-2.57857732366819,-2.071795640987807,-2.5911528773455985,-2.2923267651561234,-3.133121160767143,-3.0362161547199755,-2.7356873445922845,52,2
-1.141044413577441,-1.110773740320411,-1.1423162339507027,-1.108812028475095,-1.1561500833797125,-1.1332024239301004,-1.2240214019584572,-1.1906219209135591,-1.1696139129990633,8,14
-1.24770656268791,-1.2384250726118191,-1.2520146158358452,-1.2380364479521573,-1.8222689618571255,-1.81437960831682,-1.3027989988521915,-1.2918335310580855,-1.3165470577542917,24,11
-1.7200051920178392,-1.8110209390947616,-1.7106788688888015,-1.7076865282324707,-1.7630356929993627,-1.9219923869378108,-1.656153557493736,-1.666320381758855,-1.6422556106533417,38,19
-1.2209664786267602,-1.2049524099973756,-1.22720757498497,-1.2063485321509393,-1.6553192853571872,-1.648071260033184,-1.2811999585773406,-1.262050046488864,-1.3112700315586168,24,13
-1.2291614107855036,-1.225767688362815,-1.2322872527797355,-1.2257790734973537,-1.9163238189720024,-1.83817880683176,-1.5689325015769626,-1.5007160771484815,-1.3201721962616844,25,19
-1.2198055975582034,-1.2229793070572763,-1.210611923700627,-1.2155385188853711,-1.2261452856355797,-1.2177899048033365,-3.4005147965318785,-3.3025279987980185,-3.700843831742711,104,7
-1.2151656444236412,-1.2013924172324253,-1.2191028724630892,-1.201402212651254,-1.927816142825112,-1.9700148949548848,-1.5637294425295003,-1.4910512895322143,-1.314002848016231,25,7
-2.3846553319771315,-1.5285074421705394,-2.6227618748036203,-1.5353146736534036,-3.755105805261787,-2.1649556139986035,-5.592586158392176,-4.354734546908458,-3.8090637096021434,45,15
-1.2599179498533972,-1.1566646653461374,-1.302663313193702,-1.1557137771760888,-1.303171248875311,-1.2245654337074556,-1.491657535783704,-1.376138684988687,-1.3553925323637193,58,18
-1.354046178656011,-0.7733188508066896,-1.5210665129046466,-0.8039209217448969,-2.10832647079285,-1.4238954174594698,-3.506436577198504,-2.675570383120009,-2.2164055470378354,42,16
-2.4719423430046565,-2.1656015402409428,-2.594696347741195,-2.140116607072541,-2.605709171610718,-2.338231655418283,-3.2157287823574103,-3.1140392227597373,-2.748998972263107,52,3
-1.3759592401146823,-0.7727443324747889,-1.5436681418106477,-0.7957508801617865,-2.116597004284524,-1.4203138465463594,-3.487810660526783,-2.679535192378485,-2.212696151273704,42,10
-1.145394861464771,-1.1148053695721625,-1.1462093019440225,-1.1126350772426394,-1.157262099364231,-1.1420222031853025,-1.229207224269894,-1.1955968128106258,-1.1737911152356109,8,19
-0.8550184533279138,-0.8771894921877503,-0.8586312990852908,-0.8758872318419717,-0.8798162047576238,-1.2109760978408457,-1.0125226980897082,-0.9478019036424444,-0.8810896513431707,103,2
-0.8080128287951125,-2.332151971558424,-0.8935407246158091,-1.173441947929721,-1.3405368408586775,-0.3081154518298943,-3.0525269026846056,-2.2142797332094686,-1.6811238384299796,9,16
-1.259724826201568,-1.1565815259076206,-1.3025138213205358,-1.1556348893263155,-1.302864543986396,-1.225035794229626,-1.4912766932523311,-1.3757894778139883,-1.355432148825171,58,9
-1.0883522934933605,-1.145302983087377,-1.0912728025293728,-1.1486923678381051,-1.1845557947148482,-1.1752077843985969,-3.484027208311063,-3.326773057152202,-2.887970344757118,104,3
-1.1476914751856944,-1.1193098388327731,-1.1491590496442254,-1.1182332425804289,-1.1629598227005826,-1.150875842957278,-1.2300182762708034,-1.1970089643217194,-1.176619962139895,8,13
-1.388533288905691,-1.386905764117648,-1.3896265953108553,-1.3869030867335188,-5.355604472795763,-4.948398545555108,-1.3881577492923225,-1.3879485643361196,-1.3876794298239157,28,9
-0.930053232177896,-0.9287049697962884,-0.9307122273884004,-0.92857681044953,-1.413279023075741,-1.6454887907047495,-0.9922522887386098,-0.9765018673765382,-0.9659298235643384,18,3
-1.3911910026430778,-1.38916968537489,-1.3922907429317144,-1.3891018578352277,-5.328395685235507,-4.939086762543742,-1.3905595149296917,-1.3904735215512458,-1.390225481423954,28,2
-1.3430825943742986,-0.7731844733818192,-1.5103291938736103,-0.8058974580051725,-2.106075951764838,-1.430249009567274,-3.494566327618691,-2.667865271386449,-2.2096683769899563,42,6
-0.8477998359245871,-2.4899277332888152,-0.9232049598752036,-1.2470299109831335,-1.3497136764209046,-0.2859885970339243,-2.995255843301132,-2.2036751285089813,-1.6789222492147968,9,18
-1.0739199597541471,-1.0528714869282465,-1.067731846727111,-1.052066121327749,-1.1251297636954378,-1.0794406481012122,-3.2268486902077,-3.1240521081345998,-3.950655060416421,104,8
-1.4616673684314891,-1.595492424824716,-1.421394090606653,-1.4597562722464794,-3.8855808918015113,-3.875502297712738,-1.356281918372511,-1.2870702371473008,-1.300393160930736,30,18
-0.9322732043929126,-0.9311723801039544,-0.9328070073310454,-0.9309872085333688,-1.3976515011625406,-1.610339144061058,-0.9927675097214508,-0.979036029457382,-0.9661505808197488,18,8
-1.2596018922236154,-1.1559005592704616,-1.3024173780175414,-1.1550297708829735,-1.302992588651554,-1.2254401936777322,-1.491964964259609,-1.376302884705541,-1.3555954498105112,58,15
-1.2030500727198012,-1.1921499238998785,-1.2062499522180106,-1.1921375147616753,-1.9247218846150471,-2.0183714562751747,-1.5759566130313944,-1.4963725498685332,-1.3089246510234702,25,6
-1.1500140825310374,-1.186531239260928,-1.1626619455842933,-1.181547404161342,-1.4278239946565128,-1.301350925198152,-2.4355831235872683,-2.001750974424632,-1.5381381937105731,34,8
-1.2259389212644465,-1.1968924603877902,-1.217219876944881,-1.1638057308179854,-2.6770209366084488,-2.666830276662961,-1.193758134191934,-1.1304551146327615,-1.1303255374828252,30,15
-1.2330028212051942,-1.2297776175342736,-1.2355696619284453,-1.2296429791256744,-1.8218402297377647,-1.7356680168661978,-1.5262230893646926,-1.4591737807102951,-1.3222308114666077,25,15
-0.6376234879156659,-1.8629715950511128,-0.7083435719918117,-0.9494607077743512,-1.2779410030516074,-0.3751289047711353,-3.26104713622037,-2.246093547310932,-1.669257175348691,9,3
-0.8184391327317023,-2.4109600956760158,-0.8955442442098998,-1.2103130087673184,-1.3399061305119742,-0.2970383734035298,-3.0351064244200057,-2.208977430859225,-1.6772010358626477,9,11
-1.3888676240839055,-1.3869035677813832,-1.3899344861959115,-1.386768994074299,-5.309165613014016,-4.962416814598219,-1.3880303080262042,-1.387987886857441,-1.3878071685455755,28,1
-2.461998563686133,-2.096266006203376,-2.594115367579263,-2.0848900256904206,-2.6116993565605773,-2.482709357553252,-3.2584243183338213,-3.163389476449587,-2.7615129588806355,52,20
-1.1472676305749534,-1.112571156579355,-1.1767456353950845,-1.1112279459497978,-1.4514685863047228,-1.2731482999907875,-2.3945889152624824,-2.0096936672552688,-1.5464131649651915,34,17
-2.496796480206647,-2.070825470791512,-2.6227141316346145,-2.080196876889704,-2.6313580139066373,-2.3213800883549536,-3.1847098005098875,-3.0916260090755774,-2.775884351079672,52,8
-1.116940310238684,-1.107023595982258,-1.1016666877719692,-1.0960764750550398,-1.1073519280401407,-1.2243058973229377,-2.8888500850248438,-2.785785724170744,-4.556531784050553,104,15
-1.3901600330688586,-1.3878266326128408,-1.3913239978206249,-1.3877140768177216,-5.362545644446056,-4.922700900540154,-1.389301089984908,-1.3892673655673318,-1.3891106839100715,28,6
-2.443345098176736,-2.333416599648631,-2.5079279828113066,-2.3312716067457977,-2.614583750683911,-2.4778623497981247,-2.8217086370907225,-2.623465186437928,-2.6460329092002723,53,14
-2.473701542234481,-2.016470470595175,-2.602557475698018,-2.0227418832084765,-2.596379927048336,-2.27774909683,-3.2070195072023058,-3.1366337390407555,-2.748545574534796,52,15
-1.261786677507202,-1.159205487634969,-1.3045940606441824,-1.158248713944048,-1.3037929800958066,-1.2286215508964178,-1.4928183231556962,-1.3774399092427134,-1.35693973976679,58,3
-1.2604202056907337,-1.1573674803417866,-1.3031353903825773,-1.1564497976576,-1.3034951568789084,-1.2264079126871792,-1.4920185093594769,-1.376335934802683,-1.356134939108783,58,16
-1.1264832143881829,-1.1509008807753665,-1.1095716029855347,-1.1392174944253517,-1.1551468854756477,-1.3212114983111047,-3.3110513295130444,-3.195962526628499,-3.98661131976025,104,14
-0.9269477896538542,-0.925248214404424,-0.9276563022535927,-0.9251186340564794,-1.679822514419365,-1.6211435381272403,-0.9896991248127376,-0.973569350582857,-0.9651631055940276,18,18
-2.5335259436787974,-2.2183999109047843,-2.622867848780349,-2.271141890385057,-2.4126998166274736,-2.0709961319333736,-2.5017829087638,-2.428336269973073,-2.359177144455284,12,10
-1.1459566060036963,-1.117794607175504,-1.1467428554294363,-1.1157625534802336,-1.158245218183515,-1.1456298538844627,-1.2279613793686726,-1.1944397104895634,-1.174107339926402,8,18
-1.1353905298169311,-1.127198715780045,-1.1421469614756736,-1.1381871999032451,-1.1202889886145766,-1.1107698154754782,-1.3001775866817775,-1.2192110301389771,-1.1745198991195946,30,19
-2.443928312947528,-2.3299403007767374,-2.5089448880182075,-2.328631718849941,-2.611769724242884,-2.472916077439016,-2.816845722658062,-2.621242582355737,-2.6478869376984164,53,16
-1.7503658423091393,-1.8061255891638388,-1.7424927633234892,-1.7497665647763767,-1.8422767436297225,-1.9799967598088128,-1.7476287419641725,-1.772245812438103,-2.0085817631964016,38,5
-2.446014552022292,-2.335161564546087,-2.5106429870044957,-2.333010178077012,-2.615192908452774,-2.475184358543841,-2.8227967895677435,-2.6254358870090138,-2.647499875514554,53,1
-1.1445583342184007,-1.1166142790519222,-1.1458256041649058,-1.1146071755191185,-1.1558708761484489,-1.1416243871733884,-1.2256521888269205,-1.1924158029683392,-1.172375441085142,8,6
-2.4493031498068536,-2.337040304755041,-2.5132747274588576,-2.33397405062402,-2.618493556226275,-2.476647525008517,-2.8237919668741798,-2.6270097537866506,-2.649534517306525,53,19
-1.8927247313866504,-1.81404672396228,-1.8146292745050363,-1.787466137743674,-1.921189670264692,-1.8794242677818087,-6.782197406310336,-6.431659187128583,-7.429074760294855,100,6
-1.2494898166640367,-1.2210649609632696,-1.2681900123645058,-1.204409049047343,-1.5053498849591624,-1.3279988125262534,-2.355751873910939,-1.9774094592782907,-1.573851547661806,34,16
-1.248354796448078,-1.211183719548892,-1.237609805742882,-1.2071187920798527,-1.270268226254189,-1.2355631790272896,-3.805884126911031,-3.6844438299451374,-2.790278326170392,104,19
-0.9264846617383832,-0.9250941016408176,-0.9271811137270364,-0.9250635069735594,-1.454858136994324,-1.6279171636393153,-0.9843156259810444,-0.972261371864868,-0.9677804198707676,18,2
-1.4045483073313385,-0.8201569255047807,-1.5770130011844532,-0.8489778797638512,-2.135792293825577,-1.4435364744331274,-3.4606943522578537,-2.6830939481354568,-2.227364655852032,42,1
-2.472940621366436,-2.0659133529703646,-2.5976246294694807,-2.0704845215290733,-2.6002032551413583,-2.295000377401804,-3.155170972832386,-3.057080224928587,-2.7456785274248605,52,17
-0.8222906734025166,-2.410960095676012,-0.9073725754172308,-1.2103130087673175,-1.347385284093782,-0.2970383734035298,-3.026876883895944,-2.2089774308592256,-1.6789229422879286,9,10
-1.3914362917204424,-1.3893552343461677,-1.3925658678050348,-1.389290239113967,-5.319569272848874,-4.8878801841288055,-1.3909647603534934,-1.3908329828600603,-1.3905584875718429,28,20
-0.9256117929164088,-0.9235879798748204,-0.9264665370710063,-0.9235655437094203,-1.3779307403099894,-1.6042389907582857,-0.9857577972876096,-0.9754868342182728,-0.9688786056876828,18,17
-0.6802504736303236,-2.0186284420135303,-0.753734373012528,-1.0245889507954058,-1.308989657481677,-0.3526886485215671,-3.200545335842774,-2.235488942610444,-1.6691663456761638,9,9
-1.2644136286041228,-1.262779743032166,-1.2667749833808917,-1.2627691644103476,-1.6452088105644316,-1.649670573826501,-1.3275200851402962,-1.3224116050374817,-1.3240583072323011,24,16
-1.8659466665013824,-1.9350471700180585,-1.8539143080500584,-1.7998928973369863,-2.094500177865706,-2.0147857591247065,-1.7503209164704103,-1.748186574428474,-1.6904982430661275,38,17
-1.2277518271608534,-1.2250021254029766,-1.2305319882050867,-1.2248989870436495,-1.9744166828448435,-1.9782048112304311,-1.5683320740606117,-1.4966669241252455,-1.315897988136134,25,8
-2.3796729046330998,-1.5102374619915089,-2.611360081726793,-1.5218437463226278,-3.7457286923822113,-2.155950174728109,-5.580935243387156,-4.348826844853713,-3.8014527448909057,45,2
-1.2324612460075346,-1.2194068558792466,-1.2378670882736758,-1.219830360753526,-1.7061457329527394,-1.697492453156423,-1.2964624530927182,-1.2796152738384476,-1.3121407785816006,24,17
-2.5218257866928746,-2.1454447851331184,-2.6365475257556663,-2.131919697375801,-2.65431847617787,-2.438765463867491,-3.245301675923884,-3.1776860977775154,-2.781914201361966,52,14
-1.259163117136768,-1.1552986166755586,-1.3021224725783829,-1.1544431792620744,-1.3030988367743426,-1.2254295836163525,-1.49184334969171,-1.3758970653973293,-1.3556480086815317,58,11
-1.8819766529918216,-1.8105936101384896,-1.826777357770672,-1.778179836929526,-1.9207670766118885,-1.8709413917868896,-6.790894745561438,-6.4322158092961645,-6.719839538274319,100,16
-1.1430829525558015,-1.1138018217517365,-1.1445392451575016,-1.1125225869495547,-1.1524639148098703,-1.1429272217298714,-1.2264033867637751,-1.1926487893436588,-1.1720354087542082,8,17
-1.3567807690415117,-0.7960653071482804,-1.5299700976258697,-0.8133789703408789,-2.1245146632740397,-1.448084600889988,-3.5135358309849303,-2.680934133039255,-2.2158866648385733,42,18
-0.843950599763365,-0.853642537079263,-0.8362787641338392,-0.8436055278532895,-0.8469883717162204,-1.0744216306011412,-1.1275757914266944,-1.053694475430823,-0.8947000653647925,103,16
-1.1901017479387743,-1.2127364637121414,-1.1777260751924423,-1.2027610181944817,-1.1818914692640974,-1.200489769717909,-3.0980973808282632,-3.0371945739450457,-3.783791002999828,104,1
-2.445380808510706,-2.33528198928293,-2.510683533971368,-2.332853580763852,-2.6147572840765463,-2.4765199578805066,-2.830952599563413,-2.6338134286244776,-2.648427214208745,53,5
-2.441903885909825,-2.3327079179813626,-2.5064124826405982,-2.329433541594172,-2.612551632693753,-2.488037436657711,-2.8211815481829654,-2.62117852375879,-2.6458187568285725,53,11
-0.8276838169916683,-0.8597855218560956,-0.8211198686746125,-0.8526885367640094,-1.1033474539872898,-1.432513018602899,-1.028457232379107,-0.9574882135572336,-0.8873626882163922,103,12
-1.1340082193337624,-1.1318849626302374,-1.124674537185136,-1.127805200717948,-1.143306879306207,-1.2297955755723262,-3.122585609184955,-3.0154782889481364,-3.879107150341048,104,2
-2.426468127153277,-1.5830593562266235,-2.653949814929827,-1.59716864676675,-3.742858908561173,-2.144956510679351,-5.545644393366572,-4.324250367515928,-3.797541740273016,45,13
-1.3454457057316271,-0.7653901459192648,-1.5128742103573751,-0.7901280253487628,-2.107248759813419,-1.411414716519581,-3.492634367380685,-2.67335504447641,-2.2097758747702763,42,12
-1.2537953207578247,-1.2935621303846767,-1.2683077177778557,-1.2685366508217826,-1.4557288331868494,-1.3493057017967356,-2.3746240383188195,-1.94739664072871,-1.5576063987934723,34,5
-1.2447010508633565,-1.2436262756587386,-1.2459552121698427,-1.243325503642815,-2.152131795719485,-1.936910637784763,-1.5458918813936615,-1.4771535396717648,-1.323214835178676,25,3
-2.1217185803399534,-1.901065403053568,-2.191033890453891,-1.9702619877316312,-2.1983465970399165,-1.897756085775398,-2.6952086039420973,-2.428336269973073,-2.235901143025944,12,1
-1.172169826783837,-1.1682772630517753,-1.1687826640439207,-1.1643392656585518,-1.1768346215983507,-1.1785038227070948,-3.408389868433415,-3.2890731179440507,-3.694645013722949,104,6
-2.25755232633194,-1.846600910590097,-2.3714245957189948,-1.9187722095265063,-2.305302048125599,-1.8652320076267732,-2.663673735317736,-2.4283362699730726,-2.282312299015015,12,12
-2.303330046223891,-1.8363921367250509,-2.36458297232287,-1.908906594988304,-2.420039930156013,-1.861887532140986,-2.600295811637173,-2.428336269973073,-2.308304735705794,12,19
-1.2610159879499618,-1.158096758708935,-1.3038138933058858,-1.1571958241879878,-1.3035833627066338,-1.2258572213112942,-1.4930535294577338,-1.3775323215577333,-1.3564557720510964,58,6
-0.9240975455682806,-0.9216730097449598,-0.9250658769402949,-0.9216254956911194,-1.38116893129124,-1.5860473353385318,-0.9899580827325866,-0.9763985142489194,-0.9597166328508692,18,7
-1.157690635409423,-1.197284642874683,-1.1716817309737633,-1.179829127792004,-1.4368353144565875,-1.5414025370029043,-2.369682725484477,-1.9651253338210437,-1.5347240659963397,34,12
-2.4128256034500386,-1.535194995924662,-2.644969087221265,-1.544643647151484,-3.7497419961310094,-2.160602005093446,-5.577554116690947,-4.355291790909106,-3.806927384937037,45,10
-1.1510672527873629,-1.1351294956283913,-1.1502089272130074,-1.1345445307169342,-1.6306005345092958,-1.6211134687495177,-1.3130766657775794,-1.2095871560572,-1.1661143370979812,30,8
-0.7480121390989606,-2.175037049656566,-0.8267368767015429,-1.0992720313693742,-1.331239594867046,-0.330349856539875,-3.122707340963837,-2.2248843379099563,-1.675025040578792,9,8
-1.149424309311769,-1.1187190909429627,-1.151209860517325,-1.1173360891720974,-1.1626759194628555,-1.1468686489684674,-1.232712215140089,-1.1988834424126436,-1.1783782233704714,8,8
-1.871752453244693,-1.7843087795845105,-1.8496041797330167,-1.7771576491749677,-1.916744209653176,-1.865191842174116,-7.496061007539843,-7.110550744406694,-4.626973882971714,100,20
-1.7955269991426313,-2.03283021386567,-1.770653172292511,-1.837972813542116,-1.962331573416977,-2.0453440367100684,-1.9343873587435385,-1.951057629860672,-1.6462678112517255,38,11
-1.2810588578229156,-1.2852714175169528,-1.2823111136674583,-1.2848087951064684,-1.7871907358803312,-1.7897136202433386,-1.3362462166901474,-1.3366821980717982,-1.3275035170847902,24,10
-1.1980416296927967,-1.1949999961473703,-1.215371091078464,-1.1692218972049846,-1.6050893739842114,-1.287579604659422,-2.4232583959411023,-2.027724075679429,-1.5618856206241911,34,19
-1.2616810633079436,-1.2661038779936653,-1.2630057677278412,-1.2662854716425505,-2.20347275185708,-2.2348971092700136,-1.5523762118596265,-1.490097006137164,-1.3276815996322846,25,18
-1.259549413088527,-1.1559519471229711,-1.302434383290652,-1.155131099824903,-1.3023955688400428,-1.2255969666769488,-1.492235157540876,-1.3762790406075538,-1.3556365424439885,58,2
-1.2623445936004036,-1.2659751443442488,-1.2638503286664664,-1.2663498646201512,-2.243736470237506,-2.2548277127308225,-1.559392282614781,-1.4988599830659493,-1.3271155787780888,25,5
-2.439471618370134,-2.329229719192984,-2.5059904750585638,-2.3280677769219347,-2.6113892272742016,-2.4820762705052286,-2.819627408237271,-2.621608301406404,-2.645342419336935,53,15
-1.1621219504311635,-1.1427790590742344,-1.1463809530964466,-1.1347781377770936,-1.2020597644434527,-1.1625846304134264,-3.07669611581332,-2.982466172177041,-3.9852955942821215,104,18
-1.8318998891427931,-1.8491926696161856,-1.7890623065446134,-1.7933160343175545,-1.935790024647859,-1.8818085814969605,-7.207162153959493,-6.769998849936382,-5.331981646523057,100,18
-0.8366681763396714,-0.936187921113406,-0.8085784190907856,-0.8912188881223906,-0.8566435360633259,-1.4053162600943172,-1.1029166901453993,-1.0410371705800785,-0.8244979710468748,103,15
-1.1391825666251052,-1.14057870949423,-1.1404443266638735,-1.1418045091036402,-1.6377757654759173,-1.6282163650826904,-1.331347322889095,-1.221184716496072,-1.180338870288313,30,9
-2.443571490931633,-2.335974873200288,-2.509065279594109,-2.333598954735371,-2.615116906421465,-2.484849040098864,-2.8279595399751183,-2.629821395964592,-2.64825231231236,53,20
-0.7904876632283194,-0.8669729682004422,-0.7887543638250535,-0.8564864142711195,-0.787475623713169,-0.8906765208563643,-1.0786688073210242,-0.9507416034410776,-0.848039186326886,103,7
-1.7964858840207938,-1.8626331802396576,-1.8136957428655456,-1.9363497260931524,-1.8452679058675452,-1.8768852506638447,-2.799318186565486,-2.428336269973073,-2.1170083654225214,12,8
-1.2604719653195835,-1.1571892754801674,-1.303400995921998,-1.1563157593592133,-1.3036597136772865,-1.2259686785921446,-1.492004504794123,-1.37622923690905,-1.35660026636101,58,4
-1.3900322799450755,-0.7802047830268082,-1.564268139521802,-0.8027029796691287,-2.1162334016026736,-1.428352087099613,-3.4925143032509745,-2.694133524406973,-2.215953901547393,42,3
-1.2659039671340209,-1.2643155314333292,-1.2831562499500668,-1.2692480686212044,-1.4719781581674665,-1.3390825061140796,-2.395467484436981,-1.9662112087899493,-1.5578552909454375,34,4
-0.8715199778190973,-2.569049165860229,-0.9485770041406644,-1.2835839026340343,-1.3793777979477022,-0.2749665571338245,-2.967873626226415,-2.1983728261587374,-1.6797185692581833,9,13
-1.3449541399071665,-1.368629761174907,-1.3637780854698796,-1.3493727898442167,-1.5473307710471602,-1.4149064292506897,-2.286075836569996,-1.9193358338158324,-1.589576365259187,34,14
-1.3895927908507486,-1.3869228381255565,-1.3908668404693942,-1.3868175465767718,-5.421453449748955,-4.896674647489012,-1.3883207112608418,-1.388357257053191,-1.3882890496814284,28,10
-1.2535658138303374,-1.249964476241172,-1.256701939749271,-1.249588074412516,-1.6048070804326156,-1.638807427180423,-1.3105833839307648,-1.3006345022232166,-1.319176710270646,24,8
-1.7341829111870384,-1.896203860860203,-1.717674345129771,-1.7963634950741847,-1.8072245214447615,-2.0158034990013407,-1.7960402547368115,-1.803346245673615,-1.6394020422551494,38,20
-1.1527113805927307,-1.1707033490614231,-1.1569506830832537,-1.18196372638098,-1.6716894207048736,-1.6665617982616328,-1.4401544524015206,-1.2910590051841038,-1.243274671924121,30,13
-0.9282145928803908,-0.9265854560632982,-0.9290087432174606,-0.926595123066437,-1.1318169829615172,-1.6204120858242377,-0.989434423978179,-0.9762692872666572,-0.969983473140154,18,16
-1.2598541408662225,-1.1574040823719889,-1.3025167515339904,-1.1565814599597657,-1.3032288329482085,-1.2267978761492784,-1.4929272024799412,-1.377044398012464,-1.3559732200775705,58,20
-2.4158431162579874,-1.5444350441485457,-2.645222886320354,-1.552310967211323,-3.750986872030547,-2.1598678310121464,-5.593903238071556,-4.383267391457922,-3.80947524922609,45,17
-2.4416010135070025,-2.3308689920411534,-2.507804982805842,-2.327348459761109,-2.6120151421231776,-2.4780515522628828,-2.820434784832319,-2.622514353876308,-2.6463987185660014,53,6
-1.919299501477053,-1.8356345301339343,-1.901887980781052,-1.8139225829359176,-1.935581457696341,-1.8626604963320628,-7.083815926604656,-6.752456593443386,-5.762504891617761,100,1
-1.1346474842746717,-1.1258051869092924,-1.1542471897689313,-1.1295318987993168,-1.4225225220348905,-1.2496966007423551,-2.4203261543995067,-1.9872368569112668,-1.5290068934450565,34,20
-1.3906759459525069,-1.388573253190027,-1.3919001278841394,-1.3885390961231985,-5.384473573634475,-4.933593831990152,-1.3899476469392271,-1.3898872173551875,-1.3896724752599448,28,12
-1.2411994132470343,-1.2393461380249564,-1.2435343951536746,-1.239759507617627,-2.002310816159482,-1.879790575520932,-1.5395213765080835,-1.4682274554555128,-1.3216209237600811,25,9
-0.8668412865708351,-0.8823934119004667,-0.8679120122115587,-0.8790840352799982,-1.155035136426808,-1.3754997426449402,-0.9624106697728236,-0.9249464952152222,-0.8401171853536376,103,14
-1.254796933841623,-1.256165433841223,-1.256637819189096,-1.2554778077165316,-1.7239994844893136,-1.7234335856451175,-1.3270729247854636,-1.32072634443396,-1.3184320397361124,24,19
-1.7520818417930346,-1.8020656114013127,-1.7354411989650047,-1.6924771827136191,-1.798349583421036,-1.6379250106223897,-1.718440004378534,-1.721882497401117,-2.004689316587732,38,9
-2.446355369069353,-2.3333520555808764,-2.5108497117775643,-2.3308227488960656,-2.615909561514082,-2.475333954598558,-2.825169336993315,-2.6288199429027106,-2.648430098019825,53,17
-1.2612840246149988,-1.267398239120737,-1.261860464845086,-1.2671036800580178,-2.0683084558023035,-2.189848093777986,-1.553360060395388,-1.48882460284563,-1.32718901286425,25,1
-1.2616524367073705,-1.260089686015173,-1.264395282497161,-1.2604109776401466,-1.6381327311227611,-1.643210223047675,-1.346679562114948,-1.343685385675997,-1.3242660715186574,24,6
-2.438852124364364,-2.327700078526445,-2.504428714250011,-2.323563285589996,-2.6093650982433947,-2.4778250314350774,-2.824355807229938,-2.626331721278272,-2.644231259842948,53,7
-2.451365423028621,-2.350212287782512,-2.5155215827995185,-2.347499835148473,-2.6168293661029893,-2.487339466871064,-2.8278174657930943,-2.6340509151388365,-2.650576248019268,53,2
-1.7213340162605724,-1.8328817719246595,-1.7006639932362593,-1.7471265606377064,-2.35305338344474,-1.970448875284368,-1.7916872368703582,-1.7856114252158224,-1.6410533207554865,38,7
-0.9240974605091914,-0.922277640837853,-0.924965056474648,-0.9223159512596628,-1.687541998742913,-1.6048031752973468,-0.984205034028236,-0.9711477998809644,-0.965369855554369,18,12
-1.3654292517801463,-0.7823702457353663,-1.5297501813263106,-0.8070649476536,-2.121388184419186,-1.4216200055582295,-3.5038249860236417,-2.679999315522455,-2.211929325489596,42,2
-0.9274452758203968,-0.92587521630285,-0.9281258923788256,-0.9257415135261756,-1.575108540907281,-1.590103200929316,-0.9833113822005138,-0.9708778991222328,-0.9700300719566752,18,5
-1.9916880146756304,-2.196794595001073,-1.9537132295594704,-2.265243545199532,-2.020959364624209,-2.0467870110110904,-2.8033563332868057,-2.428336269973073,-2.183153178623624,12,18
-0.709123596374991,-0.7084003649841203,-0.7109806761896573,-0.7165627999717731,-0.733273489390241,-0.7488655862864196,-1.0986271791789142,-1.0353561248310217,-0.8135820404005862,103,18
-1.2302793854420278,-1.219481201437835,-1.2333419809342754,-1.219422580228544,-2.0104109131938954,-2.039362309781167,-1.5389502682049194,-1.4640074044781988,-1.3174591003448672,25,13
-0.9283888417247512,-0.9271569353839512,-0.929047393360303,-0.9270767158628008,-1.3724231240619171,-1.6242872453906252,-0.9927496479857688,-0.978124715413447,-0.9670706174742478,18,11
-1.8053303632942796,-1.822585957253949,-1.81688363739986,-1.72658607697364,-1.7655282031705908,-1.6540146444749997,-1.6858161919452253,-1.7513741276895591,-1.6583367618928246,38,6
-1.19211921371402,-1.2086349475559206,-1.1885343689971286,-1.2080201902303112,-1.6649779082722966,-1.6690476025981953,-1.2946334820538967,-1.2113282473981004,-1.1907912644090846,30,4
-2.443298383012628,-2.334462584880695,-2.508001333864681,-2.3316169034900263,-2.614100024168494,-2.4743529175566943,-2.821557219986138,-2.6229612285334443,-2.646834237638215,53,4
-2.465484620614085,-2.1996725846287983,-2.55205698132259,-2.24459972795199,-2.5493154914299336,-2.078102169979257,-2.5747507501938265,-2.428336269973073,-2.353046786654316,12,15
-1.3882884698158604,-1.3859124634471889,-1.3894655718446238,-1.3858223736580164,-5.350978854909303,-4.92090481018545,-1.3873444161486672,-1.3872935995428144,-1.387142923703719,28,18
-0.8727270317465231,-2.489927733288817,-0.9690559337470316,-1.2470299109831338,-1.3635755549307882,-0.2859885970339244,-2.981211363981552,-2.2036751285089813,-1.6875012060771246,9,15
-1.3600269173706223,-0.7870737978535031,-1.5235899983507073,-0.8078234916880308,-2.124584751292281,-1.4316062802584315,-3.4808712221310776,-2.673902879194831,-2.214343075127424,42,5
-0.7008514410493564,-2.096741617582106,-0.7719583222289834,-1.0619903701503857,-1.3332029082558987,-0.3415063923189088,-3.173457214379761,-2.2301866402602,-1.6681148851007963,9,6
-1.999912489808076,-2.1222166957106645,-1.918831220630065,-2.010412102862809,-1.9386755087183705,-1.981750683499908,-7.17504433683642,-6.781550731291329,-5.918834131225102,100,19
-1.3321389514688244,-0.7564917222262199,-1.4946847865362298,-0.7820167437285788,-2.096807406799014,-1.4050400559287026,-3.5128337411771886,-2.6698435209887568,-2.2027907745002246,42,13
-2.445933294076076,-2.334266819106767,-2.5116954545401726,-2.332081456867665,-2.613689537549938,-2.488818442093249,-2.8267652840307305,-2.6320661639631844,-2.648687865451429,53,3
-2.380881933964819,-1.513417023413394,-2.6052708178226167,-1.5165398118261542,-3.755804072190936,-2.1458397959928277,-5.613241655964825,-4.351297557639081,-3.80790059562599,45,12
-2.3793557108174266,-1.5270836939195436,-2.6031792854824323,-1.5338138202198426,-3.7370927655250266,-2.1418433957180016,-5.553318881271248,-4.311108917331652,-3.787145559373746,45,20
-1.7885569409728848,-1.887353534720326,-1.7790473790669783,-1.727080313429323,-2.0194358306293405,-1.948139642771003,-1.837479622847219,-1.8434909149800425,-1.6701499962737427,38,8
-1.913416419014544,-1.84492808718248,-1.8365313978881408,-1.8131237774950848,-1.9339939551953145,-1.888309359438238,-7.208092775604673,-6.825426129613122,-4.612269440273099,100,11
-1.7328240938439177,-2.0157809138461635,-1.6892393971034183,-1.866425641929398,-1.7198723653063914,-2.360730358608551,-1.7672260554857344,-1.734757197827886,-1.6458568802037807,38,10
-1.2266721717632498,-1.2149739011985736,-1.2316136178347157,-1.2150435823301726,-1.6026431882984176,-1.5928624779889864,-1.280198643443046,-1.259472575845316,-1.310359753918506,24,7
-1.3910274547662995,-1.3892248287479174,-1.3919944746617918,-1.3890688111977556,-5.336490920769752,-4.931853699990393,-1.3902870604994777,-1.3901267647954492,-1.390079949314632,28,11
-1.833222136795793,-1.9532301141463424,-1.81667680447254,-1.836284131346822,-2.1610103927874937,-2.054596890071542,-1.8451839372327703,-1.8563762297326123,-2.0348232811039475,38,3
-1.145059000122873,-1.1154846141844943,-1.146023518697162,-1.113311476127049,-1.1606867714021551,-1.1398897843364084,-1.2252234371883757,-1.192855451176705,-1.1721854899886126,8,2
-1.337703785706826,-1.3280462889322862,-1.3515317200414136,-1.3176727119903318,-1.4971948503135846,-1.3282677166116863,-2.436673015593046,-2.0047968856137386,-1.5654876802395357,34,2
-2.4039777415561847,-1.557612594576314,-2.631167104098701,-1.562287654875724,-3.753365992162846,-2.1495058597884933,-5.572552090831352,-4.340246121024244,-3.803288986747813,45,1
-0.8547204510015042,-2.489927733288815,-0.9384588357947428,-1.2470299109831335,-1.3868613113259596,-0.2859885970339243,-2.9885119980474597,-2.203675128508981,-1.6812472682104465,9,12
-2.484728160648066,-2.166834438992373,-2.612668235155255,-2.165117137444321,-2.616876472913373,-2.432459335525708,-3.208268445955329,-3.1367874391189194,-2.758665736405314,52,16
-2.1272839428242816,-2.1912576453744803,-2.152512087315512,-2.2425837027387017,-2.0393808258081245,-2.06352881361098,-2.6293733871260176,-2.428336269973073,-2.215275827766494,12,5
-2.4438017824592646,-2.3352098717159646,-2.5083087113219555,-2.332610604407249,-2.61623860482089,-2.4851523351465694,-2.828894301947796,-2.63083809052074,-2.648027331724599,53,12
-1.2463406153841357,-1.2400766671242591,-1.2497922471960212,-1.2397866779428508,-1.6196902258023116,-1.612797425079068,-1.3062579750278982,-1.2945488503319351,-1.3161808894221771,24,9
-1.3400309978537823,-0.7980983081274858,-1.5066687033671966,-0.8252781112234008,-2.102822021807205,-1.4421940926093224,-3.508714156332283,-2.673319425605293,-2.2082998598616905,42,8
-1.3663299688784902,-0.7650477622349436,-1.5279093129931651,-0.7854722369589539,-2.1073213265637007,-1.415607581534862,-3.506823340735873,-2.67185617525694,-2.212645730757809,42,4
-2.4150433955831243,-1.9655909386632215,-2.529748304079733,-2.030091005338765,-9.33392273953644,-1.9410086168483665,-2.5941122620806856,-2.428336269973073,-2.3627425502416872,12,17
-1.950773246386024,-1.8544676745673552,-1.8831390329057431,-1.8119166041025896,-1.937370910586065,-1.843898096415732,-6.906254294267093,-6.531581712682715,-6.060419235741402,100,2
-1.2585976790879283,-1.1548162567936913,-1.3014854078036309,-1.1540446655733647,-1.3016008440846587,-1.2240135194616752,-1.4914513004393872,-1.3753331561443574,-1.3549771277308496,58,8
-0.733213138018164,-0.7324467301141787,-0.7366059270787515,-0.7399247068310653,-0.7420512296262801,-1.0414826908158368,-0.9498748373054832,-0.8596154091950541,-0.8468442095423624,103,6
-1.3552327465238807,-0.8013976596090214,-1.5254487588433658,-0.8250891184589649,-2.1104158938556634,-1.430034854465188,-3.502295212282894,-2.6758121046707184,-2.2134511492039426,42,19
-1.259199763048229,-1.2569595954865558,-1.2620618091225837,-1.2565733400185022,-1.7690862064361903,-1.7676554350648808,-1.3096085351725646,-1.301380414030338,-1.3206780055393472,24,2
-1.209924790701524,-1.2137802609454031,-1.2300631123267498,-1.2054712041770292,-1.4749588150687245,-1.319163358599546,-2.3316948997996243,-1.9776349505284825,-1.554674048339634,34,3
-1.395393289912009,-1.3927910280929363,-1.3967367366616137,-1.3927913952844069,-5.393192494956575,-4.859118410547469,-1.394627030213773,-1.3945351799074448,-1.3943541496998828,28,5
-2.4039414287028538,-1.5000571176135422,-2.642242697539296,-1.5033811274999325,-3.746235742092885,-2.152093900909488,-5.549804433001549,-4.342567331359637,-3.802371413548732,45,14
-2.4567235559715206,-2.0372125257205305,-2.5867940826908806,-2.0450468973202804,-2.5837476431241497,-2.3615193224394493,-3.1258243409637307,-3.027484314514626,-2.742331929070569,52,10
-2.4741252530439275,-2.086673420031916,-2.596238512419148,-2.077087001224346,-2.620015918420357,-2.284983802371598,-3.105937250131614,-3.0137368760734007,-2.7439898224740547,52,18
-1.8029662699701383,-2.0466099123036265,-1.782156684746885,-1.881755819385387,-2.386296821820192,-2.438208543734772,-2.018907538509929,-2.0262080735442765,-1.6574142394915787,38,18
-1.3815803895888483,-0.7872827343615634,-1.5481445308042043,-0.8056138027157157,-2.1113999275154107,-1.414801684493671,-3.472467151965668,-2.6809295004633724,-2.2163443613816547,42,20
-1.279190641567301,-1.2803332250202046,-1.2810337285453093,-1.279792904488412,-1.667382919223115,-1.6870896982786832,-1.3436534605993724,-1.3438705776849598,-1.3274282922321432,24,12
-1.390519714832417,-1.3885207043614762,-1.3916867265177593,-1.388454937123153,-5.3916526250330845,-4.95615215640484,-1.3896241746848064,-1.3896071319154697,-1.3893890948058,28,19
-1.1816105404524797,-1.1780723895181222,-1.1837950695167396,-1.1750188279408649,-1.6745575655340963,-1.6721197640609338,-1.336433745432276,-1.2341863938716036,-1.2016038114541403,30,20
-0.7532472481551021,-2.2535090607211723,-0.8204148912037328,-1.136425413890747,-1.3448378544480346,-0.3192194138372256,-3.105579540960636,-2.219582035559713,-1.6707277638090907,9,2
-1.14421221763024,-1.1151376672647313,-1.1455303741457945,-1.1134137977535563,-1.1565111862724138,-1.1440281708748212,-1.2281888182679854,-1.193706957163304,-1.173899428145046,8,5
-1.3106273121488854,-1.2761795762078598,-1.3022154362763552,-1.250793599778661,-2.229944422772387,-2.221649792726602,-1.2663087184359698,-1.2221482945229312,-1.205391344315672,30,5
-2.4874022259411293,-2.1219705822299595,-2.6123379283733343,-2.115555660874416,-2.6282624851351306,-2.43439120539464,-3.1701868707768504,-3.0798844268328085,-2.7693224514970862,52,11
-0.8948529637783134,-0.93953059834607,-0.876318311156351,-0.9306178594775608,-1.41357454433244,-1.2176936670049636,-1.2015012234913314,-1.103094426012354,-0.8722807088863542,103,11
-2.376663201096741,-1.5098259230061015,-2.601889915660003,-1.520558891901557,-3.73891678547927,-2.1447943355440025,-5.575039587755678,-4.325789158730877,-3.796192767982293,45,6
-1.2027023616017811,-1.1946801088775207,-1.206453750008062,-1.1945025705745709,-2.0782908240436218,-2.089033276063766,-1.5787640708051145,-1.5005895059968657,-1.3109179112703848,25,20
-2.400692591224495,-1.5397170698231688,-2.6234550933208616,-1.5514287178252155,-3.762610690073408,-2.1745029760236263,-5.606010566225968,-4.374621292197866,-3.818835583320855,45,19
-1.3888554986077393,-1.3866688491381642,-1.3901279889592155,-1.3866647973295727,-5.37918287784187,-4.917019279766698,-1.3880972124958484,-1.3880300145602793,-1.3878209369596064,28,14
-1.1285070282713685,-1.1237346660160927,-1.1376333333045956,-1.1289479609166535,-1.6384710237094091,-1.6271242409054372,-1.3121425084196887,-1.2060146204246975,-1.1782587017565809,30,14
-1.699092777247711,-1.8107822037477677,-1.713699394054255,-1.788954666155876,-1.906429008066696,-1.8595978112159377,-6.268269287936858,-5.95476734977419,-7.103097512330937,100,5
-1.0873776250281697,-1.0380512740504306,-1.1120852187675243,-1.0446231419849143,-1.4011575094812938,-1.2184589239811965,-2.3938064446379204,-2.011116426988873,-1.5270081526280437,34,10
-1.2480076713677086,-1.240284442315818,-1.2524130909121711,-1.2404473865792882,-1.757296437737604,-1.750033065390218,-1.3009777356345007,-1.2893729405752388,-1.3184834077514835,24,5
-1.3462421753744584,-1.3648508874636096,-1.361440414337406,-1.349345046700047,-1.6359060029503234,-1.3874290855784008,-2.353963034211542,-1.9777252379869277,-1.5863899512909967,34,18
-2.3255720875639394,-2.27055034522374,-2.327080648219208,-2.2996478822715583,-2.18780633598381,-2.135359172974496,-2.5698984158940914,-2.4283362699730726,-2.2819657267223548,12,9
-1.845510522551775,-1.8700378241142337,-1.8059874441506285,-1.8377891428892457,-1.9367711997195716,-1.89734819159362,-6.81094451216315,-6.398499905803789,-6.718631204348443,100,17
-1.1427764594743963,-1.110534678481604,-1.1439478202892917,-1.10831712279341,-1.154702290235474,-1.1384242370882265,-1.2239491825482465,-1.191537605451421,-1.1700443587646896,8,3
-0.9251676827140084,-0.9238644102187112,-0.9258554040970096,-0.9238762884859468,-1.7237570125764925,-1.620924456389042,-0.9856217639126124,-0.9720770053937338,-0.9597121223796412,18,1
-1.7891435324038554,-1.9311215183790025,-1.7715181662202113,-1.8054600444007232,-2.0706132680091778,-2.01241444437383,-1.7645447019555685,-1.8233545818718448,-2.02138696258221,38,16
-1.382033100489895,-0.799442327325906,-1.5489252907537847,-0.8265945458212122,-2.121072245197304,-1.4294308767640118,-3.4774061630787223,-2.6749817990127087,-2.214182021790798,42,17
-1.1633885521829117,-1.1710860186488818,-1.1772364433459703,-1.164294483519745,-1.431492424460145,-1.2699769941710266,-2.389460314367551,-1.978250195686715,-1.5456546316847164,34,6
-0.7125901261518999,-0.7207285198226807,-0.7119928357435691,-0.7152120061304381,-0.7253893873688133,-0.9857649472486156,-0.9329376203598392,-0.8398780989082316,-0.8206653311416197,103,1
-1.259518778454208,-1.15641500375678,-1.3022831532562062,-1.1555207894345607,-1.3025911757280857,-1.2242864284983843,-1.4921245694633865,-1.376231122987486,-1.355756538045881,58,12
-2.436414315149288,-2.3243650512457266,-2.502314786734186,-2.320622740093559,-2.6103207217503592,-2.476434878823276,-2.829788046412069,-2.6295296236872554,-2.64339168726476,53,18
-0.9293187525771222,-0.92730113973481,-0.930130371506185,-0.9271731757398743,-1.3625469453102357,-1.5974305921663987,-0.9902797664798176,-0.976510633055994,-0.9655305470105487,18,14
-1.391886725201996,-1.3892628073786424,-1.3932687904049337,-1.3892982803314935,-5.416222128104134,-4.820761356343244,-1.3912176698372891,-1.391120702727845,-1.3908721748389896,28,15
-2.025951634064425,-2.047491345342541,-2.0267454612718674,-2.117342755890958,-2.0287095664944714,-1.9741662610418231,-2.7528751658329957,-2.4283362699730726,-2.1942135260867888,12,13
-1.2395259748104344,-1.230175784623329,-1.2443430451511974,-1.230450799497061,-1.6478821428813877,-1.6418278569668845,-1.3097668718593196,-1.2971373752433577,-1.3158359966149484,24,18
-1.8070172815935304,-1.9536464021941768,-1.7936237261704522,-1.892264937842868,-1.857149433615645,-1.8909421397653123,-6.547886750449372,-6.1692098305862695,-6.416282687854281,100,9
-0.7770123323482729,-0.7782561943487742,-0.7598302143425464,-0.7684833614747482,-0.8008912813052915,-1.2937005686034957,-1.0702167738056494,-1.0148511899328798,-0.8590730170309706,103,13
-2.452868222520756,-1.6082150776575688,-2.678983303852339,-1.619323985068697,-3.760950725449959,-2.166457556415445,-5.567935014003335,-4.354945485200761,-3.8153294347622064,45,7
-0.9248867871878704,-0.9226304014153828,-0.9258063797647088,-0.9226096573569422,-1.3569001838126562,-1.6127127426349728,-0.9891673643241194,-0.9758967370629948,-0.9671465573043776,18,20
-1.1478844966840378,-1.1184700740122222,-1.1489284559492845,-1.1162639892557955,-1.1620215472082622,-1.1446949482647888,-1.2289345260934814,-1.196857853946348,-1.174887559291754,8,20
-1.2560292638273105,-1.2567820056928596,-1.258990896044129,-1.2572620867184696,-1.6315109824020932,-1.641109366003502,-1.3416612015990437,-1.3363216989431024,-1.3207924562855635,24,15
-0.794063739760756,-2.332151971558424,-0.8767528117069155,-1.1734419479297205,-1.3395659452835005,-0.3081154518298943,-3.062730146189117,-2.2142797332094686,-1.6757826485950518,9,4
-0.8271739580855519,-0.8105390952894459,-0.8303870842670068,-0.8097566808978512,-0.8202542740103693,-0.850011597668733,-0.9099277717669244,-0.8662896136687396,-0.8593933329090457,103,8
-1.3895981877670651,-1.387331341066387,-1.390828669799278,-1.3872868727117285,-5.363931995208632,-4.897664731690562,-1.3889849648439918,-1.3888709947179376,-1.3886520294276277,28,17
-1.1473997577668968,-1.117424894022642,-1.1486997473810874,-1.1159247094880895,-1.1606726560517908,-1.156506303219114,-1.2289716823645864,-1.195743524516316,-1.1755372255776468,8,7
-2.405218481851973,-1.5226475730042792,-2.632354459089969,-1.530983949849266,-3.7614601227518434,-2.1619918785267087,-5.583731127206499,-4.350169854486162,-3.811841304053333,45,11
-1.1465098577416244,-1.173199418926394,-1.144612078616757,-1.1653951235313935,-2.1625683722179336,-2.168405480393659,-1.3731360939392234,-1.2249963521765428,-1.1908494994883378,30,17
-1.2051036572244218,-1.1762365970645894,-1.2384142680086427,-1.176014672804016,-1.4675466136498518,-1.2895436834723917,-2.377916179502209,-1.9723739759776844,-1.5531953164991517,34,7
-0.9240612000162812,-0.9220952959235318,-0.924808720476982,-0.9219283463641272,-1.358635017422101,-1.595143783493666,-0.98617546463556,-0.9751884693353424,-0.9682102208814692,18,19
-1.0850914658205817,-1.0956576510948948,-1.0779533335730802,-1.0897060503092828,-1.5637352806639022,-1.5681396481553975,-1.2082490576394345,-1.1153330044341927,-1.09278689110933,30,3
-2.400914453659573,-1.493082465170321,-2.6380538534871283,-1.5018826765786688,-3.743603234911336,-2.134928555726333,-5.560116426579314,-4.341904107902289,-3.795812019946531,45,5
-0.8486485457063454,-0.9034479663478172,-0.8274228296536277,-0.8707895923200891,-0.8505277368560343,-1.1178227170540278,-0.9139294966841948,-0.882994244888792,-0.8332073106551573,103,9
-0.9023142717645022,-2.569049165860226,-0.992597779098536,-1.2835839026340352,-1.3674575994024325,-0.2749665571338244,-2.9452344866399445,-2.1983728261587383,-1.6897480433339458,9,20
-1.2622409753323216,-1.2615689951689142,-1.2645523686993252,-1.2613724130321904,-1.7080117354814162,-1.7101267973842913,-1.3451917169311003,-1.3401892243735352,-1.3228063400651533,24,14
-1.222049175776826,-1.2125043841905006,-1.225951235929262,-1.2125388567362618,-2.051249111893314,-2.120178407199381,-1.545561621212209,-1.4756160915563554,-1.3164770747133157,25,14
-1.1620093562465832,-1.1724893871108395,-1.1618412999032717,-1.1792486086855791,-1.129856563348904,-1.137370044010158,-1.3082066158365226,-1.2195006562600208,-1.1815066455189305,30,7
-1.260458890408097,-1.1565495911134114,-1.3033202868669684,-1.1555849184907716,-1.3031208754274874,-1.2251348420966257,-1.4923364403850037,-1.3766717209352717,-1.3559660504630024,58,17
-1.275016867388857,-1.331326682824107,-1.279038973793614,-1.303598803193423,-1.6089084947282954,-1.3669740326877518,-2.359501157693736,-1.9713511712640728,-1.5748042013759127,34,1
-1.172471846906539,-1.1832986570618718,-1.1709267990716146,-1.1847413911698497,-1.1493376254653789,-1.1629209942924843,-1.372495568019443,-1.2625188716286675,-1.2178246038109488,30,12
-1.1803062203836512,-1.1336914449171824,-1.1621256445872905,-1.1263973983885658,-1.2089588361437056,-1.1882346608981442,-3.2168851530747857,-3.0922215987903705,-3.5588469659869237,104,9
-0.8877558219035575,-2.5690491658602275,-0.9701195182731692,-1.2835839026340357,-1.3800724854996858,-0.2749665571338245,-2.951208326814757,-2.1983728261587374,-1.6838155607094216,9,17
-1.8013537532040051,-1.7167467321695833,-1.757479644737712,-1.7073617714713822,-1.895869951316497,-1.8220981581257223,-7.004006230607941,-6.644763187362884,-4.984469801946675,100,13
-2.392480679040384,-1.5133510912167367,-2.624632150839357,-1.5206865827017368,-3.75406825021653,-2.1592265818537317,-5.598042397555043,-4.3538725479947935,-3.8064291675496458,45,18
-1.14585388482567,-1.1183474860928269,-1.1474558317418393,-1.1168114419051256,-1.161835893823962,-1.137302502309846,-1.2281300584309611,-1.194415595450414,-1.1743190557242629,8,11
-1.8691793845150173,-1.8637513939902304,-1.8252900099958025,-1.8356524056303931,-1.954530695368166,-1.9163150957675616,-6.801181581717057,-6.391982963613318,-6.4781792591665255,100,10
-1.14830383058755,-1.1215438090416483,-1.149236908848657,-1.1191895447887288,-1.1597464416060792,-1.1492469808045522,-1.2301940900056232,-1.1968846449256132,-1.176127291067526,8,10
-0.9274796909800644,-0.926411958679677,-0.9281182745217328,-0.926351571992508,-1.7767210911364513,-1.617745351406435,-0.9852653529398232,-0.972790781810567,-0.9661286182255444,18,13
-1.260462798099374,-1.2584974397095852,-1.2634102910326983,-1.2587203259819713,-1.6393633016051496,-1.6439591310706114,-1.3275309816719183,-1.3229581579525047,-1.322564528061681,24,3
-1.1345331588616527,-1.1184411784552115,-1.1447761095077666,-1.1288287813407345,-1.6465836714857858,-1.6272722019060142,-1.3715137739715868,-1.2524584009337345,-1.1954310542070188,30,11
-1.1454342720218704,-1.116314233529539,-1.1470158077371932,-1.1142734372358445,-1.1593917309435828,-1.132590969566986,-1.2267957371543203,-1.1939234114809831,-1.1731009056019328,8,1
-1.267367320580302,-1.265490677892144,-1.2701967505320808,-1.2648695387907152,-1.7144888291292917,-1.7226958467258562,-1.3252373611837347,-1.3197486463907706,-1.3226440665728756,24,1
-2.139348232127096,-1.9112833121813129,-2.210964509990292,-1.9802621196733257,-2.1602345316744693,-1.9010629235007197,-2.663784778162738,-2.428336269973073,-2.2367374623369773,12,6
-1.7988783327513471,-1.8823229067205929,-1.7858504395117447,-1.7416546757010714,-2.031725334527459,-1.670324574110588,-1.832192901239432,-1.8714137498684116,-1.6566059551147228,38,1
-1.194618975248819,-1.1800345134236745,-1.19719968544075,-1.1853278440502206,-1.7022211723028946,-1.6872395723668645,-1.3878760625527164,-1.2908143921760356,-1.2426062989417883,30,10
-2.441980409676693,-2.3315651263012533,-2.5083242281171034,-2.330214764931553,-2.613743004767724,-2.473543955421772,-2.82206492933906,-2.62626873854415,-2.6460646957584606,53,10
-2.471601596221945,-2.093808058021964,-2.596156658095651,-2.0849408380621104,-2.6155551774177197,-2.390957462404848,-3.09752002747818,-3.021233397543227,-2.7408018403862533,52,7
-2.3944232624689983,-1.5289630094194635,-2.6253402300414845,-1.5371325978890984,-3.74811299370185,-2.143943332162832,-5.570513914589306,-4.339689210784126,-3.796642747776197,45,9
-0.931588825612404,-0.930674635533642,-0.9321617546370232,-0.9305418928119022,-1.7413826556135958,-1.647357242886328,-0.987568867038695,-0.9770212916194638,-0.9757071175672474,18,6
-1.972943253440402,-1.8875688769874428,-1.913460708404173,-1.861403002328356,-1.9616152242893092,-1.8742122669412624,-6.779708550179263,-6.408879665806593,-6.734110203389501,100,8
-1.1843329705099497,-1.1801496953952284,-1.182065528528147,-1.1729813720508235,-1.6533662083199048,-1.6671764368230164,-1.306656612183527,-1.2161923664402374,-1.180020863897859,30,2
-1.838419286571025,-1.823491898248712,-1.8137939103093208,-1.792994906662845,-1.9260928309712635,-1.8588721149594376,-6.752815492974063,-6.384730941151022,-6.698983093277018,100,12
-2.504224284483247,-2.191238656852502,-2.6274868186455578,-2.180264818002765,-2.6135811815291934,-2.3511240754052127,-3.182892024369952,-3.1109502107538134,-2.759880736672267,52,19
-1.7395397817335734,-1.8807403435653092,-1.735874676965745,-1.756690188005335,-2.045444965982903,-1.992572417404749,-1.5875798361516753,-1.6573277141233247,-1.6561015045715954,38,14
-1.107133947589221,-1.095663945144944,-1.1030178281496308,-1.098687481042098,-1.1414250878043848,-1.1153432678898103,-3.36442609367383,-3.264061268266288,-3.3781904716889297,104,13
-1.7554222126025578,-1.9655909386632215,-1.7488231216002237,-2.030091005338765,-1.8229888795876483,-1.9410086168483665,-2.8382269451326105,-2.4283362699730726,-2.104436015741461,12,3
-1.145325921259985,-1.1162675221583949,-1.14690785207317,-1.1148784974531314,-1.1589674841681048,-1.1407206873162434,-1.2276519245952189,-1.1937948105536105,-1.174145093591029,8,12
-2.44184790054609,-2.3342326306679877,-2.5065993718377357,-2.33133252750263,-2.6138804858085454,-2.476300024100966,-2.828438316685588,-2.6286561576615464,-2.647426694605494,53,9
-1.1426623016348492,-1.1115773644396258,-1.1438405892075298,-1.1099125013006876,-1.1554309977593715,-1.125049169566806,-1.224725856835171,-1.191598265668386,-1.1711857908492158,8,16
-0.855704216063028,-0.8651562639820083,-0.843518407363432,-0.860823547085663,-1.3862204717678095,-1.1667413867262697,-1.2203008181073305,-1.2013358245108927,-0.8460325815807689,103,3
-1.122287239115958,-1.0762131278548497,-1.1118180085124958,-1.0766947790784305,-1.1224589663047684,-1.0966085485600183,-3.0991580563610697,-3.0210189784814205,-3.5983872003250625,104,4
-0.7990383125963698,-0.8387899536252058,-0.7942934587401514,-0.8318365991693131,-0.8363387672222107,-1.2133374591075077,-1.019132506504629,-0.9545617856139996,-0.827582407371725,103,10
-0.931612006777752,-0.9302026517405736,-0.9323167522209252,-0.9301427636326314,-1.45118207773267,-1.629356207904819,-0.9929252499409116,-0.9785733171656416,-0.9785384622015176,18,4
-1.0799122649143338,-1.1118342338374902,-1.08045474403296,-1.1233429552234917,-1.095834852541692,-1.098882773837152,-1.381567044572947,-1.2408042931579153,-1.1841444484215904,30,6
-1.6750364814669343,-1.8496616827027108,-1.6566502213541314,-1.8177571387359663,-1.9013805557402603,-1.9183995853356304,-7.528462891343744,-7.066173630843047,-5.212027033570052,100,3
-0.7747115550427269,-2.2535090607211723,-0.8488427871608228,-1.136425413890748,-1.327806361184568,-0.3192194138372256,-3.0899872088037346,-2.2195820355597125,-1.6760013449334126,9,7
-2.3632122299421066,-1.9112833121813129,-2.4577133951062757,-1.980262119673326,-2.300562985294663,-1.9010629235007173,-2.5661785565899997,-2.428336269973073,-2.3126464761875365,12,20
-1.201788307445544,-1.16493221987265,-1.1863046453631592,-1.160425166810598,-1.1789031258153106,-1.167818068723287,-3.62536899604878,-3.5263560114309893,-3.5548105751969863,104,17
-1.2867289739364152,-1.3390479675077354,-1.296378156397613,-1.31652529263278,-1.4719775886895847,-1.3646968455753996,-2.342432014407247,-1.954203424721553,-1.572576472445251,34,15
-1.259567947916291,-1.1567838355519768,-1.3023426569694665,-1.1559069801878916,-1.3022019965122664,-1.2243969746084078,-1.491936585811938,-1.3762345164682228,-1.3555062263363526,58,13
-1.0149008484230997,-1.022333326513758,-1.018097938384351,-1.0326734537199482,-1.1122044260435224,-1.0632053173627325,-3.5251906402067448,-3.379804709216223,-2.785155718987338,104,11
