ho_likelihood,hol_likelihood,std_likelihood
-22.093899749262718,-24.044431487726943,-22.48299584417904
-21.801106627119157,-24.16660911711453,-23.07470934739828
-9.521710404417215,-21.704281158742084,-8.377562048082064
-12.778861404312112,-20.69413751999905,-11.762573315974175
-16.82846716517944,-24.15242813871428,-16.680375904102895
-22.360239849920944,-22.15532257799537,-22.946811035353424
-12.013133006641569,-20.429816778566288,-11.184860112483012
-15.181973479893673,-25.17270676113307,-15.459165259255736
-21.173189832686127,-27.02409736717571,-21.387467764229065
-15.39706940773159,-22.011967817112335,-14.123467958851514
-18.744157575807815,-24.908350662269033,-18.557512124285605
-22.04801320025006,-22.915469043864565,-22.074807448341527
-15.19342759434748,-24.99981637321963,-15.22096358079557
-13.31023055410169,-25.060717151883512,-12.96712607539658
-19.5854762363845,-24.10264375513693,-18.60625334460812
-19.85889957197996,-28.55048480100986,-19.968019414619835
-14.748539955886075,-27.176785145086583,-13.17249275960749
-19.369293697821053,-29.400879796112925,-19.533341278214035
-18.887837478862416,-20.675038497387554,-17.48780220945981
-15.138936533888906,-26.290097253842042,-14.78663049575051
-13.777360790465204,-23.943570864084656,-11.99510577139341
-25.511937542121213,-29.062075009519265,-27.12455527094666
-24.67894334138637,-26.64189341479892,-22.78360016899015
-15.872261979517688,-23.121640361740187,-15.474071480925083
-15.384401171738768,-24.654811786717826,-14.659752912007086
-16.980646629422118,-29.192386891522165,-16.204046027022844
-18.845339287672523,-29.531895505254244,-17.877519891588292
-18.42153144963376,-25.751086089150082,-17.153437339997225
-22.190114994696405,-30.550641619328243,-20.91314528985837
-9.331763143629503,-18.075383728715305,-9.442530175725548
-17.082709345062362,-27.382960001241514,-17.050524239472253
-15.259253912304388,-26.480880277590984,-14.523853098948388
-19.030027878555618,-28.431325969060616,-18.57821544077212
-13.223715402816701,-19.77867790468992,-12.325391376342782
-14.376947265246972,-22.15540415201753,-14.32363425946357
-18.226349729630353,-24.73514649156257,-18.545126834147332
-14.439321454063922,-27.659162369854112,-12.129330904935253
-20.759935164731427,-27.98079526125107,-21.3415911884873
-23.525513843508847,-26.73004107047126,-24.056302775497002
-14.514615401990623,-28.11586831927481,-13.287536364564666
-15.504265280189417,-27.919108050686766,-15.298917906912768
-20.3806960886439,-24.67852464971897,-20.629021353697894
-21.450781374127146,-27.507722068183803,-21.126117386300507
-18.78867248953331,-21.682723593997228,-18.10831405093623
-17.96438487612668,-24.346394775086214,-17.291675026460535
-20.93533587336185,-27.05825364826365,-21.503973065490214
-20.501024077449962,-29.02947150737064,-19.560112131631172
-20.126033731615433,-28.877306197476667,-20.412678561215696
-17.578144961587473,-24.918226305684577,-16.527083948143805
-16.216637477399793,-30.476534568197344,-16.159068510889572
-20.612227671031484,-24.228341776044015,-20.4617691013806
-22.613751795915874,-27.128864731983274,-23.3228546642211
-14.64151612109099,-23.169998837041902,-14.093652430337011
-17.67460398422714,-22.01041248501271,-18.570814277300975
-18.281389416228695,-27.38198486848703,-20.059055505419952
-15.307180332773191,-23.448649816372974,-16.005900414890576
-21.983191911877647,-22.445706250244566,-21.07218178067293
-11.335700511342761,-24.231374502881366,-12.437186222862989
-16.116553743642868,-26.659216482563625,-14.9667536865917
-12.176113009719366,-21.866202399723285,-10.966447526545368
-18.919194682918484,-22.12347377158092,-19.57814084990509
-25.684739760636898,-27.665304486093493,-26.202081728727926
-21.701255164339756,-28.69509786486039,-22.429107534462343
-18.732096811095488,-20.02646308219967,-16.79619770864445
-21.41720609674085,-29.126721877170286,-20.34041041054495
-18.675873670697786,-25.48477148096048,-18.949861741271437
-13.472598473438511,-24.813436437605674,-14.79806746092333
-10.984337301544624,-23.333964650313387,-9.406232927056207
-9.383173931250036,-23.53493075375018,-7.865142501718919
-20.819505014925657,-27.381074974489405,-19.58327769521772
-16.769677681192228,-21.504103331691578,-16.800759997158377
-10.272727804189204,-25.56701880972846,-8.103959571278299
-20.774126326466682,-24.988292165986913,-22.583883734609028
-16.34620781243662,-26.527907326576525,-15.590211935340918
-18.050657304014734,-24.44613655693361,-17.01862702462389
-21.34413355863053,-26.61799349582763,-21.34974129012209
-26.825435780199367,-26.03113145909898,-29.22389025240277
-19.202288804272072,-29.72201561586511,-20.45367578244403
-14.591060552119831,-26.761943384493783,-13.561411163234434
-17.347383526944256,-27.157000447903247,-17.43534097539743
-12.60178936939044,-26.43940478154902,-11.83818473681378
-17.79295560911252,-23.08444517944157,-17.567682445238013
-13.22984020806068,-19.54208483052016,-14.752618562746868
-17.15265920942952,-30.653117454816996,-18.108872882875605
-18.950989413390637,-27.653192663008422,-17.71258047006139
-8.610711787571985,-22.598933754968705,-7.367877781260585
-12.726360715566678,-21.401715204649964,-12.508054264497858
-17.60665639304841,-27.27104030012273,-17.05327687489094
-23.050238964777915,-26.96418087713722,-24.489117735049803
-14.879852585419629,-24.069685861847102,-15.235014571406186
-24.60304038227702,-30.187907542802435,-26.91562344291495
-19.74558899717057,-32.33720509807807,-20.273325639935237
-10.201967741639333,-17.386724518762197,-8.706008482823592
-18.642676496996344,-20.67376126248261,-18.763225408219217
-10.18848839581087,-23.446853646191283,-10.568355168237352
-12.191167250626908,-25.303593280669737,-11.58619654050029
-21.767728893095274,-28.24512084334118,-21.703126126707957
-33.25961184483024,-29.644351491748417,-34.73590081496551
-17.6082324253516,-27.917405460340035,-16.075866506178176
-15.090538351817044,-20.779129459802082,-13.859654512740487
-26.849824209648972,-32.88946421601147,-26.26765613806452
-16.669515055135804,-22.032165958215227,-16.140382032390796
-16.888776199893066,-22.3474161170769,-17.41854678582075
-24.220968772078518,-24.585505889385914,-25.006798095148085
-18.053865321220048,-19.935046427879048,-17.04349294400564
-17.10844311260214,-22.63567122639048,-16.886440973584644
-20.66774328898092,-23.821280311063834,-20.760608112302688
-19.92173525177713,-27.78438478986308,-18.78375527119914
-18.18197142566312,-24.102336883559904,-18.064387292341443
-14.797095025248122,-20.1780177420893,-14.550380645995002
-21.445769639575165,-28.79010755634191,-20.021491949751535
-19.098664170034507,-23.846486390226293,-19.07843102501651
-13.4190801937477,-24.718552891582164,-11.06787525581293
-23.310274997880782,-27.895239293882664,-25.59934834286948
-25.857401498150427,-26.574049638940295,-26.606673311321938
-19.583007295292578,-22.585578332501928,-17.601475278763406
-19.032681511121087,-25.281816938962205,-19.03648547892348
-18.02689313627811,-26.167779959699676,-17.467694897334297
-22.328473619826998,-23.224689670717595,-22.475909114481574
-25.54789409946315,-26.443245219343073,-26.018962552409416
-16.346974379132725,-23.81706729292383,-16.422792593469925
-15.815011400228553,-23.806776864636692,-15.623366062142738
-10.952059830423224,-26.978352804305597,-10.657770373897167
-17.327813059796615,-26.13111830778944,-17.168383938024313
-16.59126366774891,-25.10896680669809,-16.31321615203531
-15.442351077917984,-24.36357970689141,-16.30599767513122
-9.641939391212931,-24.94508407686129,-8.511648615335163
-21.548730052798163,-30.027047371126923,-21.719765399919456
-14.673682525141693,-26.688616415264143,-14.66530390068892
-30.997712436663193,-29.01638987557272,-32.0854448265537
-22.103820709569185,-28.728312693178484,-22.90175648710061
-10.278228981032388,-21.370460141974885,-10.435407478163004
-12.591248948435487,-22.90775430164529,-12.224337396014748
-17.77636509803903,-20.932586882178082,-18.016060196756516
-10.638921242130333,-20.970509809226346,-9.888606131354361
-21.946799040545944,-27.472944594403003,-23.352868631948212
-11.607536958743472,-18.808667121947757,-11.139624068839701
-19.58536583354793,-23.67073235744159,-19.417524185493107
-20.20743987640969,-28.959988585357745,-18.621784839826145
-26.75253676515151,-31.212408490482506,-25.732352022658763
-23.36881585425473,-21.672509776588203,-23.970761740090033
-16.67391484564172,-21.436462024894453,-16.561098622504513
-11.322194393564406,-24.27177815047222,-11.87289351586031
-17.779422472991072,-25.724879090718204,-15.665653493806163
-21.264323615981088,-31.79320613528247,-21.42967900557211
-22.50946756160485,-28.611616204171938,-23.078748140226484
-20.446512291491345,-25.78454705114424,-20.94920837783672
-19.43388845779653,-25.536689697555992,-18.838376231923682
-17.295914405110253,-27.21116452664231,-18.020113295529047
-20.228589450865737,-22.844862312713737,-20.59286429163895
-22.138447440526456,-26.626514995778777,-21.95933371792827
-20.21785814177089,-26.57830749458107,-22.075112672905586
-13.79573480735173,-22.10383976462948,-12.586403773768703
-14.763021132280974,-21.031142753186156,-12.670826567791515
-28.591280512674658,-30.303709914876947,-30.343394091292513
-13.298451423117212,-21.207452339390873,-12.536187473867939
-19.69977336006689,-28.610093003605197,-19.658068181706593
-19.228559546501653,-24.034888828274017,-18.909702430986854
-19.634522606013583,-28.725353488224357,-19.673461063174383
-20.12674161904848,-24.52655473382875,-18.96923967839405
-14.530350018364487,-21.015608685559137,-14.399340517033156
-11.540251692488969,-22.78676494303141,-9.686809903037382
-16.28556121048132,-25.127715098838504,-15.811427356207489
-20.672708637813916,-32.5271792003376,-21.722921054425647
-20.157268253293925,-25.844484091528866,-20.878539225876192
-16.64214562414081,-27.606500281256015,-16.38286320925755
-29.23193589210677,-30.422199487143715,-29.324056221706744
-19.04426847035884,-28.054041238238938,-19.234748988608615
-25.23153454761786,-25.660053496102254,-24.555901616641876
-20.847156735818533,-26.808029472356175,-20.533323975349653
-20.858552717246805,-26.50345872944747,-21.349881386859376
-21.169391503502148,-28.863075125584924,-22.748644451560253
-10.75343346546754,-19.705180605504754,-10.548979233643228
-18.866343315631887,-21.552113951717764,-17.3329089119891
-10.047867390653193,-27.92860162168944,-8.132899993234156
-22.44923710793772,-31.389666496626038,-22.447570415027425
-11.297043568131492,-18.76122500205881,-9.86819408428154
-8.532752184464766,-21.4051610987584,-7.555375789645303
-17.689471562182877,-27.326589981199877,-16.673790371666847
-17.155680471208775,-25.213740124414407,-18.103402713124527
-12.504577640514029,-24.099595731077635,-11.504334396064406
-13.063509470318403,-24.107371197666293,-12.073230974716704
-20.27790115804808,-32.47976117396911,-22.647259303023564
-21.230423988789212,-25.408011095241115,-21.737646466029812
-13.668056222556002,-18.637376527808826,-12.758843230354222
-18.628566667190572,-27.45269910532716,-18.31663859949025
-16.947682608628096,-27.114506979549915,-16.085127552848455
-22.55060187631102,-27.673940959707792,-23.930860218342204
-12.985245923368105,-21.113296782225763,-12.397258764194875
-11.04296949026749,-23.367656484220316,-12.333134440454483
-22.47419830840895,-28.545284019746294,-22.840391135709048
-14.461133951435103,-21.72812986180113,-12.792258605112556
-18.6157533459149,-26.85287271760665,-17.960226228817717
-13.698663042015543,-25.431901302778297,-12.910052119460902
-17.345985850382228,-28.80032548255172,-18.383466393402248
-18.89239591351723,-24.833325387119334,-19.258134081436175
-22.099964673325797,-24.90388460667405,-21.77850617299329
-16.17246926801042,-28.24098705369275,-16.493576298625733
-21.107763151112085,-26.97018120191884,-22.576348568436718
-20.872391863217906,-26.12578980250682,-19.995789876539618
-10.48466524171281,-21.00439947789789,-9.768687006548646
-16.929329027794285,-23.112806420697094,-16.95814654939159
-22.71850080647195,-31.398796038616656,-23.864984190608073
-23.03070510800536,-26.804888505940184,-22.23275483929556
-26.101527574889555,-29.29729534329715,-25.608947331919342
-12.067619553308331,-25.330322507973733,-12.204952427306718
-21.40007587250236,-28.598882982327947,-22.49217214938982
-20.25781568343681,-24.1850516963361,-19.01061475920379
-13.945595278775011,-22.061424777854135,-13.935145549982341
-20.38101458819495,-26.785662346422917,-20.231914120063138
-16.897288247005807,-24.299856603601874,-17.830099832171037
-18.808915520459156,-24.545833220603413,-17.18571170516088
-16.43531183126614,-25.987221530828094,-17.33299810938691
-5.914877842822988,-22.98384153726287,-4.178343526093647
-17.32564893638328,-23.998375353406107,-15.945241224711955
-20.2440818183832,-26.960640422242665,-20.171486764933334
-20.856553682351066,-25.325614376837002,-21.559892591739597
-11.095724734940713,-22.036758830560913,-9.855407257680948
-16.553494829992367,-24.654205534974974,-16.066803251259223
-15.511237027682272,-22.659360214382133,-14.059843593295655
-21.318980840916403,-31.97690320867175,-22.552407488108262
-23.846487757885207,-25.379297793663287,-24.870602302316996
-10.02109087293391,-21.856390114618858,-9.508796339838044
-10.946134348761847,-23.444480307855954,-10.642425058609039
-13.366020238729414,-19.030194843424688,-13.541274285580414
-11.235187988604412,-26.325121926661204,-10.540493079085122
-21.914768064748202,-27.827125584341854,-22.055834508505537
-19.47144783317027,-23.976062209589116,-18.71701018230076
-16.621813260011738,-26.806501030310965,-14.589506390819372
-11.214751232335997,-20.29710968471575,-10.498096397329643
-12.672603154672496,-23.920760245976755,-11.757678384834485
-12.69049714121725,-27.01627538014547,-11.118243693485457
-19.188616747817626,-22.48694082503379,-17.95839744997482
-6.731156751784507,-21.46955312307692,-5.33196525545937
-25.503755143529514,-26.075527297514512,-26.21000767204127
-25.143926276243388,-30.122995391824144,-25.275569486994836
-18.971348475924458,-30.44769481507298,-17.92169712375014
-24.06438275093189,-30.670247300251635,-24.00462768376653
-25.13545419338623,-27.927948942682534,-24.56607625237675
-13.240289109101194,-24.940012492034732,-11.634585566867257
-17.07542928217329,-27.89996835384203,-17.24505269414269
-15.863999911446614,-24.138656621415585,-14.985991396891368
-12.762105924825587,-21.726967144992273,-12.113697414321708
-13.009618406036148,-22.736642106535587,-11.78566182422703
-31.325984244100297,-28.561719655238498,-31.995080189222318
-27.145775308618486,-26.084045013025598,-26.54037751185973
-20.609841788527643,-24.829850941531273,-20.551887730327056
-25.30513192415245,-30.37134398392248,-25.32078396374603
-19.546118261262965,-31.511237023224904,-18.654024550338335
-22.670942667194875,-28.534894440933183,-22.809490818128236
-13.497793269162772,-20.175898977467256,-14.784800808750566
-15.356294389637391,-23.42722149343986,-14.53291674834723
-13.975185128183611,-25.479157277039292,-14.012961139947981
-15.61213072069775,-24.98650647681092,-16.64539356591357
-27.203678093554416,-30.110880662133116,-26.65216825213427
-13.858569592277894,-19.11330236852223,-14.081492276551522
-22.35046314573292,-24.88779461514545,-22.701225240147224
-16.693722771274,-25.954702137917703,-17.14445216463684
-15.794971660119735,-21.351527027166124,-15.375197386354461
-12.407800142763364,-25.71078776786094,-10.789045420785175
-14.699200905744231,-26.682197722194672,-12.971330572769237
-20.978978722990387,-23.903766899293853,-21.461054087536297
-15.275206451638567,-25.863496375677165,-14.377195557960631
-20.539574447630567,-29.294588608318733,-20.76206235362643
-16.79570012991147,-25.488235350403798,-17.39883227590322
-27.639985780735298,-33.48024401823289,-28.93404759891297
-22.522709270053525,-28.651738627627253,-22.238003001245044
-19.937179341574208,-28.874013834724785,-18.34659704010235
-20.954441016449632,-27.94714001062061,-21.15349003978853
-22.168957267103394,-27.417030670989462,-21.223250176686182
-18.334797399053983,-31.229886020632147,-16.3631379440892
-14.730900533491594,-26.066202966831536,-15.502986462393695
-13.114258599992201,-25.203620365036194,-10.46330062016489
-20.066456417500564,-26.233368991885573,-19.706841617452504
-16.940174050692285,-23.6264227483778,-17.52402626907299
-20.839195389307594,-25.16574872704861,-20.472273194187586
-11.016622303615666,-21.131610669807635,-11.480896034007802
-17.508392987295583,-23.888950754011262,-18.395331964308774
-15.437716088862839,-21.27842200643787,-13.973449661913687
-20.41163862115698,-26.72214500816046,-20.22922979808703
-20.541979649742956,-23.82816984771696,-21.34577274884038
-25.62339260760235,-28.438519645894893,-24.69350658851792
-15.946237383134713,-23.551278126238884,-15.13759757528817
-14.730990420247988,-27.784964541279496,-13.64498067944348
-19.71835437147751,-25.38136018883435,-18.430611471040972
-11.60068643260255,-22.475012022320264,-10.497108942352405
-11.900163643937105,-27.47747961581302,-9.012915520735746
-12.976984839751111,-26.34466616902669,-11.015302876489889
-21.058293684758166,-25.339092014315934,-20.842936412516078
-23.572720390633656,-26.635703698144212,-24.101906375270733
-18.311421502540973,-27.712514565282635,-21.111069654882925
-17.900278189223968,-23.537268275350105,-17.075572766884456
-18.903498715017864,-28.916363027367886,-19.382953133208904
-23.739936967216448,-24.205607198439328,-24.910247197564136
-16.503840556334392,-23.512003589347437,-16.340700166880367
-12.962850640781989,-24.51024003973779,-11.499159048560927
-28.226259588460653,-31.45406996828878,-29.517924562308366
-15.7547139837667,-23.69457805019012,-14.663605710537649
-13.57182641386357,-22.396524300775855,-13.548242499532153
-22.912558297709467,-27.809906494937405,-22.393057072708032
-21.410238672794637,-27.69382340702116,-22.067881790345822
-14.618734589834784,-26.145304108520293,-14.371740556918644
-12.804129227949923,-24.487488423911504,-10.924915627318828
-14.091349194845103,-25.416115367145224,-13.11471636537005
-10.274203421922971,-23.74226032546033,-9.029556096189264
-16.227882246645912,-25.128251008458335,-15.809889232970697
-24.281813463757707,-27.290413860879145,-24.445577185152352
-19.401028397351816,-26.27405906605483,-17.87950862861968
-16.431480865178607,-21.471852310073153,-17.044864991104347
-21.464520202885367,-26.25460487731059,-20.708185407495964
-16.606788931563838,-21.52310110064479,-14.42480727758763
-21.870225646047718,-29.474034202089676,-20.943343500682353
-15.789512517684797,-20.08599920878429,-14.645137939681655
-16.324564726994407,-22.250255812610078,-16.109055429617634
-12.127193614685828,-23.560262842984752,-11.817238739113574
-18.81399369781677,-28.25119027507967,-20.113018179382642
-21.877087944589686,-24.05943521816926,-22.4174134078067
-19.322638583193473,-20.970987007951905,-18.501130052093792
-21.204103952871463,-32.126408305892824,-21.840421972964876
-19.525229916946664,-27.374374652637695,-20.544198896718395
-19.85141485683423,-27.90298479328024,-19.588494530704356
-12.31556442543901,-28.069269708145363,-11.180354902157402
-20.8354826980044,-32.66544226867539,-21.497603340353116
-12.813929048230042,-23.599724484444028,-11.192565848328538
-20.04358380302364,-22.76124535631329,-19.435731744662338
-19.228792146175156,-32.50874644455561,-18.02787677644691
-20.641625233932473,-25.881707863650885,-21.264533082825995
-17.34352066607422,-27.592008633889773,-17.911385311911527
-19.03918838662014,-26.364235465332623,-18.599948312841587
-24.632767898135445,-36.29221358264587,-25.18149573071113
-16.717414270651563,-22.04285567038275,-16.126508332077865
-20.858805359166613,-25.524816463229712,-20.709596930127326
-19.109387975052858,-22.71062235433943,-19.51916775937782
-19.75973778379032,-30.19129173783502,-19.79672892422055
-17.302720161280075,-25.065931364569767,-16.775474049669082
-26.226809990696708,-26.397153529788216,-26.36537784631437
-17.648469478216175,-22.970773846501285,-16.750112299699335
-21.045830989503727,-26.608143726261655,-20.892465957639516
-11.100000584595787,-24.932482180352242,-9.847809192917241
-15.521890040449694,-26.099523362329073,-16.932785732942907
-12.045001009466407,-20.595750272163848,-11.210621574934157
-13.805721181053203,-28.557618925454648,-12.372015037156938
-12.485945230529355,-27.444234319815425,-11.47638923477889
-15.720822732514495,-28.520388170036295,-17.045114837554042
-15.782902549082946,-25.957869110537157,-15.412422833184532
-21.12450191168493,-25.06497183102907,-22.0776006493978
-26.40265909901731,-27.98084748422236,-27.874429142789822
-16.69408095615407,-24.796102481450895,-15.92783602607057
-20.570321473484096,-25.507766743279625,-21.488451728511347
-16.53648272029096,-24.681181346465877,-16.058165913651276
-21.40950102665636,-26.519646973164882,-21.110163186687437
-18.53083743411452,-26.21055043074418,-18.816552406607894
-16.965587344143948,-24.313452093849772,-16.17521254425744
-9.184917249149322,-21.007014059861564,-7.504382124144805
-25.582531173039456,-25.05787407284263,-25.715524927821882
-14.991335691864904,-22.346085893934028,-14.541783027509988
-9.368224391384127,-21.922831359252502,-9.054578111005942
-20.694584790505083,-30.87320832462593,-21.00767775016902
-16.03910385472292,-23.308149651116754,-14.998174960166594
-10.325023879107139,-25.12644394503356,-11.062729840877338
-12.656643174225984,-27.937716465504252,-12.062611937571408
-12.964522439270555,-21.381123791441716,-11.093447749038734
-13.755046758228845,-23.469634448337974,-13.082165246023772
-17.882695581671754,-28.71358299339781,-16.814875497248007
-22.67406026182675,-24.84112463228896,-24.138191701563095
-17.161383390071226,-29.506542484156512,-17.33473654615559
-20.199668855156453,-28.83858822173148,-19.5426743785106
-23.871654579245337,-26.199419968538113,-24.569821816651558
-16.06621063431049,-24.87001634432729,-15.796964369457294
-15.712189459305108,-27.86889919226091,-15.802471607641264
-25.17078949437096,-28.622082338904153,-25.00697368882792
-22.150920135380755,-27.109065039430728,-23.00797974621645
-16.045834529213316,-28.241346082456342,-16.537078193943138
-10.783982568452519,-23.144962161699816,-9.197996435750465
-21.362511952410976,-25.519868625039006,-22.21312578225664
-13.42741883494235,-23.706903743369043,-13.639937971362414
-22.858513771934813,-26.699225286814738,-22.265369773365972
-20.997705754338895,-23.110439937517558,-20.401014079246977
-17.267672840196493,-28.27856211717196,-17.807258825672488
-20.346717201815625,-25.65502498446363,-20.333949012113226
-16.834605738327543,-25.017085872208458,-14.946194066032117
-12.371543971436052,-23.660688004339047,-12.404660668863418
-15.705036825772718,-24.321562865196434,-15.98726487180738
-14.195732120167204,-17.545549299797464,-12.719814790889801
-15.661071263999128,-25.7143472371966,-15.854414397171173
-22.32967979904086,-21.810135900877746,-22.046476215573893
-19.154850775195786,-26.58858503484193,-17.901153157658367
-22.56125313687254,-24.26512291803086,-21.039693597769165
-14.214250945451127,-23.88534508179346,-13.40461699111481
-10.418011415207884,-23.773260605277727,-9.60600916134535
-11.610472259070171,-23.23667497584236,-11.17658230917548
-23.851195868337157,-28.225584529231963,-23.30402793941773
-14.291507205292403,-24.39320767065326,-12.706341164183534
-23.735197672636577,-28.119185364482377,-22.637629605299672
-18.9804069058583,-28.25908570993015,-17.177706417828073
-17.648387989530278,-24.73429236812556,-16.44937544358691
-12.419441217461548,-22.504336649950243,-12.572010161864823
-21.197489117651056,-25.131793288084456,-22.039230802919363
-21.88176563491358,-29.36340439368427,-22.13827082066398
-19.10183872492122,-25.320368329224117,-18.480333557784032
-14.693594266360213,-23.254066617107235,-13.655530455423387
-11.121692232489,-23.898831017387927,-9.903829546543598
-25.455083912485353,-26.577749729190657,-26.951572534678043
-13.486045638392259,-26.850522049061205,-12.756044476084748
-14.59408448051752,-24.90689091219612,-14.450843674155909
-16.37323357234302,-18.74357810592604,-15.886152665080871
-18.487715085525775,-29.33950968450946,-17.668987513217335
-16.3677430776337,-24.318260209080737,-15.388906828468638
-18.05667761600661,-25.20711486237982,-17.320388121113538
-17.853729725037013,-24.151613384109304,-16.723759836163783
-25.96986304853824,-30.76265715274768,-27.51923811355228
-23.12768885782572,-29.41904880846845,-23.053973236542383
-16.837372458412425,-22.63650712300615,-16.747550823520484
-6.051026345579165,-17.641334748354797,-4.634998173902836
-8.149268567525132,-20.008398486069613,-7.026338821433631
-9.829587076944005,-21.225512268092068,-10.373924118224409
-14.979225753176864,-19.482723103163927,-14.05058945164738
-18.663641571258985,-22.98829514481684,-18.464776585652736
-20.794836603533376,-30.165163406637863,-20.028766874022686
-23.932181092857522,-23.117962801011746,-24.077208801412578
-7.701254373744419,-19.652558056099178,-7.854355208119297
-16.679338638451465,-26.65927144779835,-17.048560687202176
-8.355746904641908,-27.986167365456243,-7.451070068398271
-14.52867281074257,-23.691080870813174,-14.041677307604003
-16.890038199078713,-25.3534435696175,-16.289385390063153
-16.62276035357829,-21.572676766137693,-16.669798107074186
-13.624412994027669,-24.879436514485146,-11.817120104203605
-19.588807546709038,-27.56243662126461,-18.21898375391966
-21.561826126264272,-25.001703668992054,-21.983865924656268
-21.196284596986505,-23.695109620422983,-20.10296859769282
-11.735750980995414,-22.873441019952185,-11.798814850810462
-15.171729159820527,-22.372470389942077,-14.523492073075817
-15.39401990300387,-25.20224848649737,-14.412868826217114
-17.908053304430346,-25.827661565580495,-18.430080175083894
-9.967305813946396,-23.667913186004675,-8.936922838358036
-19.393613620555247,-24.721896440290877,-21.08092815816903
-15.33992172846236,-23.49707065845033,-16.54367960262117
-20.177712205227667,-26.874484898171982,-20.548278737755005
-11.930752180342918,-18.136875763017947,-10.034032574727496
-21.21219636958955,-30.066661573982472,-22.032207216782925
-14.942810225821175,-26.389813622494426,-14.937378909326524
-15.87247309460479,-25.397700079439222,-14.758287808799121
-13.26373783192604,-24.86853857293155,-13.074088409042599
-22.194718027521354,-27.300964490808347,-22.35247930418257
-16.018455570186212,-23.637455681013012,-16.1317488460909
-21.689852617110027,-25.546222503675246,-22.81389151183338
-16.287834303871275,-24.301281044527947,-15.22203095853447
-9.79711152768097,-24.854109598248577,-9.086545766589737
-13.482330146926039,-29.51831301484996,-11.811218623222398
-26.24837997787497,-23.506758845635122,-26.52165535159206
-16.152004475171665,-27.146657361110947,-14.68714956519567
-16.569724098095612,-26.583312334983134,-15.191793580722111
-13.224452045507162,-25.898362357494307,-12.363411741610701
-16.89950056132936,-23.945985329371055,-17.87811840419777
-19.73342292347631,-24.76163200838558,-19.492318719702247
-22.24956943637431,-25.703967591545847,-20.88920999858953
-11.301912541457522,-25.058431372840243,-10.622967050279298
-16.340939250965953,-25.453769873853503,-15.49019672320964
-25.94270451116094,-27.83541294716754,-26.26345609794822
-9.59158596406391,-20.955849174264888,-8.29602383283245
-12.848754105247702,-23.57093102057451,-11.778404079424641
-22.450332346459163,-21.80977868166282,-21.1784330051554
-18.22248380695382,-26.00061963770256,-17.350217529009296
-21.228654018870966,-32.47804522975896,-23.022002782645924
-21.544267752542616,-28.329836033115814,-20.61336465710346
-18.742246656071984,-25.58261493809247,-20.462967425061063
-14.567496979432828,-18.090281657470495,-14.249754771515208
-19.310359051228406,-25.86030747392109,-19.078409003728897
-13.509184229299546,-21.80948052878165,-12.497449844246491
-20.711476052719327,-24.084857317364502,-21.719607566008285
-15.300800060920121,-29.76311284613006,-14.199333295064601
-16.660975343549904,-26.62369914146942,-15.8833439452723
-20.673699299827664,-26.844087348096778,-20.404811980403046
-13.7215840469017,-26.332563679137913,-13.007563882114678
-10.556878421150666,-21.243516097647234,-9.30456078345453
-9.052832538864397,-24.076638634101265,-8.204226887831757
-22.85693753550597,-30.098879432409582,-21.74405913296193
-14.32714559594377,-26.53162376815998,-13.124965004487082
-11.454394982965422,-20.746665643361634,-10.347088556553478
-11.599589012712817,-21.969255963506324,-9.879011435402681
-12.367525613115415,-26.762003905217604,-10.389653936566084
-17.54789017819675,-22.690790496971587,-16.260067999973245
-19.23152286617237,-31.597469167552312,-20.42880136900759
-15.620171380582581,-23.292403790281195,-14.757639835679985
-25.06554736694744,-24.05153906416684,-24.378952814870104
-19.18150818185767,-24.219929943919492,-19.568611554334733
-21.33000491223092,-25.234003401691503,-20.99547118470285
-12.50973308624335,-22.653395208784975,-12.034599105665501
-6.870177780590645,-23.848759421852826,-6.240431904232588
-8.5587866068966,-21.848758324040226,-7.708119384198698
-20.481333269186358,-29.26951563227562,-20.95375906765232
-16.932810685561297,-28.769621468545832,-16.396965297704728
-12.121109341214543,-20.2261243738497,-11.177647707432227
-16.83170182360455,-25.09989772746895,-16.936559538994295
-10.365547244312316,-27.308581085135938,-10.957057730977835
-17.84920306602391,-22.50850687458745,-17.58907923403274
-8.422388678161921,-23.969937861559604,-7.333576798992109
-19.806897010772634,-25.090803532035594,-18.565373328018488
-19.549511604000877,-27.44791029073304,-18.6660182877145
-14.566693200416069,-25.40329306583142,-14.148044221089465
-14.324394009527879,-24.136821790207133,-14.242680305966685
-14.905968856753294,-22.807378838316883,-12.063997239078613
-16.6016540341924,-25.605508550254335,-16.927730639847343
-17.540370378835885,-24.857836514371154,-17.567013651885944
-13.348380442857112,-22.41608041902899,-12.473182469078028
-12.445224447760035,-23.18023343432969,-12.188683151495907
-13.17653708497048,-21.964917254800962,-12.666960957935
-15.586816709066275,-23.637600602029966,-15.315115023857462
-18.823623661129037,-27.209127751121844,-17.837289312484863
-14.876765671992143,-25.493446081665954,-14.56066282840844
-12.821602564042994,-27.478019525381367,-12.120830169889665
-14.743321108534298,-20.64167199082151,-14.738891225418195
-15.716816595224593,-22.714153998903797,-16.11493633980032
-14.420534284214858,-23.887039586044075,-14.206667120395984
-18.844760634755435,-25.42190495413895,-17.940737499141502
-20.029199310140413,-29.829525204492104,-20.00662416236846
-19.310754647318,-25.956874494403472,-19.975189267791283
-22.739727004814714,-32.819372403247925,-22.108115772345972
-12.340525869075893,-23.903940241296276,-11.754034495151604
-26.757116837638836,-28.375254857509645,-27.689082292054948
-20.57471756345786,-28.000264920318614,-20.048875745706095
-18.1862767177367,-28.0778285209032,-18.851901254940596
-23.75149534144591,-30.76365971558887,-25.548495587154104
-20.959827537430815,-28.77688725054397,-21.796739772098206
-17.148164572843474,-26.637347755603546,-16.749365878709288
-24.03568461119838,-28.446631437182027,-24.090930902899387
-16.546882861538183,-24.58642942688053,-15.322174411159041
-14.636304813933732,-22.626443163210865,-13.379599662461374
-13.544219158136968,-20.345711828585266,-12.020422061029134
-20.64650643695016,-32.18982681589073,-19.75012144506452
-13.021158721381454,-22.91920456963971,-13.44685815008468
-13.637830100348111,-24.611539064593863,-13.361554458269143
-15.245726661498814,-21.41449123844302,-14.48219373093112
-11.780416640163986,-21.39922174705468,-11.426423589846111
-19.78564968331003,-28.621284089775873,-19.96970517933037
-17.175401496743348,-25.761741955294088,-16.143529976482952
-16.947902693766057,-27.169121088570936,-16.66832937421267
-22.53469767718152,-29.833578626765263,-22.33672919059947
-11.653621431091237,-22.472124622583962,-10.777174678463247
-22.050270041395493,-24.889950412908576,-21.796237374235925
-4.9014185109044295,-18.72313806505651,-3.8375270511433883
-23.63137080676861,-26.454656978290007,-24.37097823804151
-15.595766234776834,-24.859122544841917,-15.05600257816107
-16.545337845974927,-24.197455850230654,-15.942467051007222
-11.352630523104036,-21.673415458208687,-11.351177280830333
-21.84095965598439,-23.556865738661518,-21.79257213000539
-14.02567749224217,-25.19877958869268,-15.171024960701542
-18.664562596251102,-25.792480517714058,-18.472304498523638
-21.07995667302191,-26.879269561707588,-22.882487344932564
-11.931978118818042,-22.123972507142284,-10.689273376462182
-16.8612459407731,-29.805123346932213,-16.25801820951695
-9.75987623227506,-23.066645751901905,-8.2199613064321
-21.160684218402867,-35.32241024217573,-21.935370664757055
-12.185899250686417,-26.49241213208442,-10.697248020204352
-11.773941164380982,-20.218734348074094,-11.571278741329815
-7.34272118111453,-21.341540799061832,-6.312956803426778
-14.281653507442677,-20.5192362367653,-13.769695507166446
-22.475537188186166,-26.464523267622067,-22.52689662884841
-17.979754713303606,-24.333164901406313,-17.912363832708817
-20.405161076062377,-24.546803866559678,-19.976872705849438
-14.785772417310223,-27.49973161655882,-14.68059785109582
-14.159005592846675,-23.72607062166575,-13.463510114193088
-14.187312819571666,-24.08175146616544,-13.912499520021587
-19.191417194273548,-29.606592816164373,-19.229710588673207
-17.740202691689866,-24.954006758859624,-17.682218305080784
-19.7396724678419,-28.0516671010089,-19.514507210701588
-14.573029274659154,-26.526396463675603,-15.158488325478409
-26.41877852482636,-29.57338557803475,-26.356254198628843
-24.540734756283143,-23.21024664606751,-23.786468253180264
-13.44981766544285,-20.80005457768961,-12.81541577066213
-12.386002963676006,-22.167308573737223,-10.301618886458202
-28.359857824893055,-33.062857153994365,-28.427462571357967
-11.651470676094771,-23.226622458989702,-10.895295403170776
-18.11894873242096,-27.20869249884431,-19.026873045133495
-13.936318535263784,-16.30899589482392,-12.33850020212117
-22.114752315216773,-26.8407459816238,-22.80514768147955
-24.202823591725,-26.813057902526392,-24.624591507040783
-15.004466700265743,-23.884635104296997,-14.133630005057887
-17.234078138726684,-21.77856095391878,-16.929616048438866
-16.72775494527206,-28.000115801897145,-19.618304557771932
-22.185290599624928,-27.84068235540023,-21.684227935413332
-21.387958936966236,-26.13403567685959,-20.85658401526563
-12.537857490773854,-16.618420512518266,-13.159345910288346
-11.71931843017018,-23.265395519332966,-10.234569610771217
-12.218522969258457,-25.526071578393637,-11.335881406608467
-18.283002601329425,-22.00314845342927,-18.156112703676726
-20.939130734338722,-25.997733811571557,-21.310699464770742
-20.752010039349837,-24.77627138941739,-21.91592988403967
-17.960627444447457,-24.13185779609881,-16.27736538745425
-9.794545264834646,-23.60877262642462,-9.082684761542932
-20.304698844657796,-29.531038338268974,-20.279378036647486
-18.08728550001298,-29.198501468995037,-16.86842219472137
-17.217244452160497,-28.189681368491893,-17.353986908055496
-13.616259744350126,-27.502603358051523,-12.047696337345773
-20.57743008927743,-30.21477026419407,-20.704060133601175
-28.125908061695576,-32.48850418848883,-29.014717881186222
-19.99032037551983,-23.074576016023705,-18.77402328810878
-7.432089272936146,-21.15764725283253,-5.650011329748276
-14.530576056632519,-23.750713586808956,-13.015535318557838
-8.389767399490083,-21.356302079209627,-7.827318243876888
-15.863054952002162,-25.309090216249963,-17.208683083756917
-13.475241386742391,-21.650513501930007,-14.95785870107359
-19.91978126240782,-25.903466098450153,-19.74493790034908
-22.205203792692025,-31.756130657275282,-23.679336966663744
-22.812201338699527,-31.93938947353301,-23.702354363142167
-11.640111681620137,-28.95875517449601,-10.624161681089403
-18.478653124985915,-19.65060872405603,-19.15330011261647
-19.432468771402387,-23.246756261026995,-19.41172786801892
-19.875249799670318,-27.97264433906334,-20.17578453793361
-20.9388859381832,-26.387862974945065,-19.011123362664694
-26.074954391966035,-29.58652038452869,-25.99888640434029
-21.494342687266343,-30.99860283928938,-19.902651456770105
-15.177161067954238,-21.492990016432916,-14.435658415803887
-15.501838109944273,-25.523576728443253,-14.185710544244317
-7.008112457610308,-21.03631550361165,-5.809812650696842
-15.30208135566492,-20.16545034126706,-14.499780147409904
-27.53406954908399,-24.91141282002586,-27.32753706797222
-19.381044145023065,-29.82199329322986,-19.332884224254215
-21.124536424739905,-29.428720345453115,-21.692417155889377
-19.72542291060683,-29.23932310614823,-19.68053474854065
-14.797918667263307,-27.615228940739403,-15.010110992619737
-16.06197994683154,-23.64027454743862,-15.492636287487242
-16.03623407045964,-26.60965106509987,-14.49394186271023
-17.105072808809457,-25.89836456427442,-18.505214240175135
-14.268141780077519,-26.787696267776003,-13.029451295215914
-23.01028084157434,-24.292621903446875,-24.753202181252735
-17.694644705772944,-26.220524989570436,-17.71749484975333
-16.025165573586776,-21.716785290699036,-15.311462928863213
-26.805197349067537,-25.120782737674663,-27.937979090645054
-15.191996105257944,-28.873026730845957,-14.39272353036129
-16.873288239614986,-24.716592605110254,-16.69862030767238
-18.892966445463728,-22.793712830862155,-18.025035257598915
-11.489729436087046,-22.277681682531668,-12.563951163682209
-17.35966603299969,-25.471703716592693,-17.07724378846058
-23.625446568813704,-36.898748990521206,-25.481852449845174
-21.66226750804063,-26.83936966781789,-22.506849927600427
-20.382071358950213,-27.3530060119178,-18.971993906011548
-17.86530706287347,-30.350111743002774,-18.510494529769222
-22.92415365859813,-27.579962363897806,-21.942526412943916
-13.61239408664552,-22.88966016233882,-11.765890526656335
-23.378804967563763,-26.52751033339313,-24.20605539856501
-16.9778908997761,-19.109262850954654,-17.395514831258033
-14.540463195632876,-23.979997716105313,-13.514137139816219
-15.443993012712399,-27.313996312479695,-14.16029400190831
-16.253251060810776,-24.41118486391884,-14.93388634661274
-15.262110232649992,-19.871417644071055,-13.909684072306282
-19.648904374424998,-22.821431395197695,-19.77912465462972
-14.950299149953267,-26.59336212005403,-13.62531238001302
-23.511330128423616,-38.439531610789565,-24.22203118833177
-23.15070574500946,-22.914118262204465,-22.471793343860988
-16.641184686643516,-19.451860035199786,-17.07108392606506
-24.012133295174525,-27.234254317509038,-24.665664746974066
-9.111013103961135,-20.113701011533717,-7.738420335243472
-11.642941531299128,-26.317128948650556,-12.686486867107753
-16.411438922577062,-26.709635260365758,-15.196151014946553
-21.6487344517118,-26.414731265628532,-20.95730281103687
-12.551008420254783,-21.16995029451363,-12.139627217477724
-15.049723991041354,-19.233827070718284,-15.391467378500945
-17.080921657345797,-24.41718280550775,-16.279657363028637
-16.41002274860824,-23.228159247870632,-15.843936665789373
-20.091254877586632,-24.217982754951162,-20.88567621026081
-14.019628394771408,-24.065221137276794,-12.873964498742394
-17.70505038127222,-26.005748923319643,-17.831479395707838
-16.145983843610132,-21.148610187549256,-16.0286599472787
-17.24381787930532,-27.851126839804024,-16.83834979466066
-16.006115721061672,-24.99108395039102,-15.273161707557813
-12.441954533331078,-23.30264989063249,-10.2595506078947
-15.031778552676498,-23.128517783390738,-14.285086048464393
-15.538244350555562,-24.840195029760537,-14.520711325154114
-19.671140767152366,-30.838291204665353,-18.30448383043749
-15.681104670686903,-29.29834795052003,-14.253433855172535
-15.925742971486327,-27.892000443624074,-15.150194085054917
-19.688627451304285,-20.66819037725507,-20.86333114621382
-16.910589391599885,-25.135033967699187,-18.939569733718233
-21.398803330338485,-27.03748227056965,-21.584954766876226
-20.59789390191723,-25.527389954579064,-19.199238293616204
-29.27562450480593,-29.166532604574865,-29.839732383894365
-18.946899953335688,-27.71297968950952,-18.481256839503022
-15.855912909379676,-21.036641744096315,-14.939271710628919
-24.296994280435907,-26.039911987522895,-24.355370935543768
-15.607205804767712,-30.06364537606185,-14.976844564710664
-12.464958750405145,-25.211736210974813,-10.717755597514818
-17.296232956230536,-22.17680966912957,-17.761310840424958
-12.899196239266603,-24.588479876828856,-12.437485990190437
-15.814290224000029,-23.22652978161262,-15.539891099854728
-21.50993016898059,-26.909031222041932,-22.19873304857465
-16.128395192279065,-22.952273975436242,-14.593405351642605
-16.564879373960366,-27.69885917765421,-15.519895284823129
-25.53733096725959,-27.517222038705135,-25.87504156334172
-22.971045934705835,-28.983393934554496,-24.51612777160768
-23.209328884753006,-26.66420760578695,-22.038712861410847
-19.655414710447992,-21.7679753504135,-18.49161772008489
-23.216209542630914,-28.437854174015,-25.533203914560932
-11.146508371057356,-18.26310423963512,-9.608700882027911
-18.233424858010764,-27.617281918502854,-18.68717383757152
-13.508626655654544,-19.088284519051147,-13.650700252790152
-10.27036402807918,-21.745262468336232,-9.981711022798583
-26.054067560517055,-21.89364234491201,-25.50945958470239
-17.189174546848403,-24.047826847065892,-16.54572009289608
-23.262257622429793,-27.305975567375047,-22.920554671273436
-20.975066109048,-27.621307149562128,-20.054959399325774
-16.179673105528632,-23.589261821104166,-16.719944214069905
-11.58265826469328,-20.0207289933826,-10.470703784365938
-19.100420710577723,-26.301836800009653,-20.079372483714515
-18.083356219976217,-28.615261741432327,-18.681865919958685
-24.259435397732922,-28.63360722976253,-24.192959202922232
-15.111993315084458,-23.481483245372775,-18.085098335636342
-14.298328926253186,-24.442517129855716,-14.123949160812884
-10.41233175294192,-24.889503824605892,-9.806424956562356
-12.498388209139994,-23.14415700075576,-11.514341934700157
-15.766580150779088,-25.284250704428587,-14.217510763247333
-15.64645352851574,-27.532439141775672,-16.00238210670298
-23.495528410728692,-26.156021069840307,-23.324141349732923
-20.26672256819121,-31.274567572106292,-20.79074877016234
-19.97355329583866,-28.737298710096592,-20.469204426429368
-14.907256550484965,-26.278817675851837,-15.831098146898025
-18.1239910822457,-26.21355225468385,-17.751115488148454
-13.212644841993578,-21.73473633220969,-12.327359981314942
-15.003423296425376,-24.115699501085093,-15.909354727523572
-15.892662298844792,-26.09264099973634,-16.08291197235369
-21.427660400321145,-27.81791322857509,-21.615498493532122
-20.62173542369416,-29.674153199096867,-20.439060440451808
-22.223264114894615,-34.42004320776308,-23.211927100397276
-8.648189508368262,-24.97751063264007,-8.057516467513251
-16.756493485088026,-22.139275813615516,-18.103133265098915
-21.966846312359475,-30.415910747990104,-22.81968948478546
-10.100254005826434,-24.806593758765544,-9.605063877153063
-19.3843443117237,-22.84194467814169,-17.939185550791002
-14.161399406200104,-23.357073373033813,-14.24016948131334
-12.317220081126896,-19.273728672875556,-11.842768019064096
-24.760976018180024,-27.882768594395444,-26.044193451908345
-17.23873210407283,-25.786855375978423,-16.915063496858835
-20.10638118682576,-26.768094256911603,-20.33587389279786
-19.330271507481037,-25.41303631532675,-19.780037690884328
-16.536501893555595,-25.168315332237658,-15.522086125069034
-21.216542527035063,-33.27609416776621,-22.496224152221114
-20.22998285958164,-24.814980150787267,-20.60944993906036
-13.224821360194358,-20.548647985526877,-11.349333276083243
-13.859026157274709,-24.166420466018305,-13.630171655140808
-21.07510413501479,-26.506558180355704,-21.441999852075412
-10.91462058188958,-20.278666262461712,-9.342880719386429
-14.404910243661798,-27.13183513099649,-12.246995629737594
-27.779726833907837,-29.385760606744295,-28.495964658517398
-12.49374733911109,-22.982822803705496,-14.07883291568861
-20.37072560362932,-29.532581241701575,-20.576589726262632
-19.83348587928323,-31.648995133399744,-21.286880907714018
-14.12988263845143,-19.84755874023804,-12.862270082579814
-17.384306410339928,-24.339425620835673,-15.181988407664223
-16.156249556897613,-23.899242295446662,-15.762202918956678
-18.101033597892748,-26.86280654320285,-19.371553086771897
-16.84237512213672,-27.121256913066034,-17.38965097531677
-18.175866460078,-20.900729412207014,-18.70653576254865
-17.03547765356298,-20.519209443296216,-17.77773719511813
-25.74185619164617,-29.89456550210236,-26.709905353319673
-14.131912830354802,-23.07284873418922,-13.665860416191947
-17.602769692579496,-27.9895856583297,-16.174781342796088
-16.772779516869655,-26.696670024227206,-16.52617433331662
-17.65006409326297,-25.203137885893874,-18.216982269801107
-17.239582348156038,-22.892023643411093,-17.10224122806569
-21.562667992130965,-26.48073798920607,-20.615472628614462
-17.075832838997286,-24.296794371722324,-15.1214762273271
-23.05214776497506,-27.129274871518902,-22.677108939392312
-14.148766712511055,-25.22053363161228,-14.121976773365388
-18.7165109372922,-24.49531764149492,-16.88722342978306
-18.93058013495354,-31.223970393372788,-19.5914365657717
-14.241223734572573,-20.61900288103452,-12.37102846669961
-20.65256506154062,-29.54891428394903,-20.55962311769217
-12.910766851596291,-25.02547075741222,-11.777657827584852
-23.043246570712625,-31.88239221773306,-24.562739672973407
-15.700049030751195,-28.33594696709277,-16.09229979831544
-14.618921656267252,-24.611244684498736,-16.627477831896794
-23.867475791047568,-25.438954283752494,-25.016334482270732
-18.435502725520788,-24.864982146694263,-16.43781074744282
-19.821838474255635,-22.646440158795833,-20.262859329246837
-10.587320869056645,-28.09977270863182,-9.809379886722015
-16.634709712920994,-23.108898449616692,-17.713250809493932
-20.034570113767902,-26.30106428490921,-20.497618913602093
-28.084430453589658,-30.776005057291457,-28.75457198767582
-20.15562506392702,-26.617251466063166,-20.288348000667032
-22.15718381235813,-26.529648188553296,-21.20229853005599
-13.618121345395439,-24.481318451668095,-12.87641884949153
-22.444659119079212,-30.601990174952306,-22.8548995994253
-14.698440174704611,-29.743534760868208,-14.125435981056624
